PIDN,Ca,P,pH,SOC,Sand
09gt9UK5,-0.5786784313051854,0.012552581689176279,-1.270524642030507,-0.5555627762249102,1.650471487687474
0BVvxJ6a,0.3330256567912997,-0.00028924364973370587,0.9920213953314647,0.33037077877447274,-1.8795555239092838
0KbdgApg,-0.05998029313762032,-0.3272362340432142,0.018633447976315054,0.1098776955538554,-0.6583900838367018
0MnuuduB,-0.40699766238615354,-0.32142245042645534,-0.0819142925633809,0.5677366598086522,-0.8743624830593664
0PcIsF9z,-0.42776274964055716,-0.16075458015269994,-1.755585801826312,0.23510274694974242,-0.25872630796845364
0ShTFLYJ,-0.3889400507571068,-0.7367297861584508,-0.695911730692826,-0.7925735270559287,0.19267432609479407
0XZh9jka,-0.3064869256170155,-0.16133641747559757,-1.2002327603426988,0.8801023137048745,-0.9193761128270754
0Y7Wegri,-0.27930994272012555,0.289754087914714,0.17687265883388825,-0.06415631529437604,-0.07262733830327228
0dTqplIM,0.04652733500713424,0.016840493029901538,0.7817387806258171,0.21852602438952573,-1.0981811010850553
0lNiZicC,-0.36288387563147495,-0.31328568740004137,-2.156830792170224,-0.8306950430054982,-0.15528350247302036
0rGeJ0QN,-0.4752603177414372,-0.012681509781161893,-0.8055728074800594,0.36866645449146773,-0.36066094993372566
0sXI9ytQ,-0.6834984512745237,-0.33855660962957934,-0.03282676967545051,-0.8566236118870663,1.5985239053308131
0ukt4aP6,0.5109598573233356,0.07507814318692674,1.5504975878243545,-0.7805301542197682,0.5772481489485752
1AGspb8f,-0.29993463664161624,-0.5037889345131976,-0.9645878940286661,-0.01100733325545633,-1.3356854363854556
1Csy0gvE,-0.46541801333680866,-0.018413853125951007,0.11601282779658284,-0.5574927752716619,0.6937209229610115
1Ic2hly1,-0.32599528014382173,0.2726305079412281,-0.3856955196283547,-0.07739113662415065,0.7836639966291212
1PPbaTwt,-0.43219381464334816,0.2074342208414759,-0.46935692838677134,-0.503754004192551,1.404687469160427
1SO5VJNy,-0.2540179454710838,-0.03382225393592542,0.10183557623305894,-0.3864369628049005,0.5350650820065592
1arHxK3Y,0.8451851663401371,0.25419805859369937,1.7086379607840332,0.4619730790911447,-0.33422710375713827
1fCW4Bba,-0.4355184433736454,0.38027772328483245,-0.10266718266983155,-0.3802652353311302,0.7771106718693144
1qDZNvIm,-0.5238057970511605,-0.39871142127062065,-0.08925737855177651,-0.8151274074208956,0.998431359948091
28LYJC2V,-0.3395419015016401,-0.2336038720933562,-0.952544051042862,0.5625358631544444,-0.8297784368377226
2CzACvQq,0.6626614506783639,0.596956724628269,2.008464118894624,-0.37537317456240515,-0.1782496806598548
2FT3crfv,-0.3944636320841042,-0.07062378109925938,0.5729569824211627,0.23192643282511227,-0.8516374036488461
2Fy2uHVg,-0.5703093883623538,-0.11095797714564704,-0.6355881206022627,-0.340027763578,-0.4883061263197934
2MkMEApm,-0.4246741995614016,0.13115098637886824,0.053620313401113506,-0.5626877334519165,1.439090468543446
2NDGWEOe,0.8611267875446842,0.408124055618698,1.821131512476784,-0.7285467375723371,-0.918758365537423
2NyyCiqn,-0.27611453560550814,-0.06660907236995861,6.354614517256607e-05,-0.4093523120497409,0.5942034465671266
2QRzIb84,0.12032964348215813,0.4125707768269944,1.841542281168147,-0.5336532118349666,0.4938407212513365
2QcbdrUZ,-0.6018727207690304,-0.4368363453669577,0.01032195928157087,-0.33496956500305686,0.7349167242729262
2YgAimWK,-0.3869720834484056,0.1296876370941913,0.16587240569926287,-0.5005561587766394,1.1846006546012458
2cx85d9H,0.11252302505069878,-0.388554214580056,-0.1362906483777646,0.24826190857022112,-0.9395921007043118
2homMXMV,-0.37267706175791915,0.0414205729883701,-1.6957126905713107,0.17774080864598574,0.518043678695113
2ldLrUtq,-0.4290973659474062,-0.3154059877653186,0.09503479147635296,-0.5278451164108944,-0.21540201887443722
2nsACW6G,-0.1509576423479544,-0.5927690363788702,-1.3070666655225818,1.7447605665810855,-1.1017910293293145
2yMbVnWc,-0.3362767564169431,0.4884326171157749,-2.3470601138546794,2.240194821994983,0.5076234894960461
36r8sgGQ,-0.294476649574996,-0.22320281517944984,-0.0652074288413882,-0.5846119502312419,0.6191318487118505
3NXAXCl3,-0.5572113287518974,-0.5404550981858325,-1.419847101140915,0.5346251666741821,-1.170230855180188
3QG0z6fl,-0.500084099175389,0.0575465961445456,-1.3169815362839312,-0.5555169871895984,1.3075066661832633
3WS8R9qm,-0.38927974087457784,-0.2781153704091981,-1.2350557683262036,2.4885805101291183,-0.8271264597668679
3fRLm8f5,-0.20526434513542569,-0.1729667405162605,-0.6129250455128226,0.16478919474850073,0.03397053903348102
3mZhp1nQ,-0.5561765545055337,-0.503730266307814,-0.29670405544173484,-0.561533961945365,0.8566907884461497
3pikJXRL,-0.5224626382789452,-0.6285685927179134,-1.3903861125277057,0.5972813472939791,-0.9865415572284011
3pxOEGHL,-0.35624516076334345,-0.1805295004343339,-0.5157963693459191,-0.5814541547896894,0.6420897796880407
3ttdV3f5,-0.27876248231698497,0.13203881203831536,0.5525652546762263,0.3504933861292514,-0.7805827240070986
3v4X6Mfe,1.1193254810684934,-0.23472165211400586,1.2784133354848723,-0.5577492088994447,0.5430049905745644
3wORuPiv,-0.5880643865086554,-0.20403401998386705,-0.5663065237081195,-0.246519967216436,-0.570552826070406
43EfrxZj,0.02856150761797238,-0.001750976926034653,-0.25403444360607175,0.20049235355174488,-0.3052799790901819
457Vwm21,0.03277119939937023,0.19467398647416978,0.22544601723122248,0.6034909244419353,-0.9170509136664524
46KNnOdx,-0.40678320865774964,-0.18084629309318423,-0.9537115945354184,0.17454819517030984,-0.366892064642224
47TwNsVC,-0.42929541395208304,-0.6240737935551284,-1.2508813850513274,1.513814450313653,-0.9977350552570616
49856RpO,-0.3975111178844841,-0.42516300272304086,-1.020991059264345,-0.5297953703831624,-0.8297355395178503
4Ane1o2N,-0.4163084247804605,-0.23634062338182282,-0.08485388621600798,-0.35905491212468377,0.07021658110273243
4AyVUgSc,-0.37899170263356297,-0.39324505235176055,-0.7890813897342763,-0.7830260719713849,0.11024885875952428
4B1951On,-0.09823858899583371,0.09486033876042477,-0.029972080481895702,-0.01833140592935223,0.7228024262232164
4OL39Teo,-0.028537895892647214,0.12381701579020721,-0.07793873901435511,0.29911268706593575,-0.15257470912990279
4eQ90eLY,-0.07311413873888029,0.22587731795816346,0.03873520317348955,0.5014637295871083,0.0530764025544439
4o5jwMj8,-0.24963454179144406,-0.35712630716638394,-0.6852021422932761,-0.6817282578279489,0.16868739344602623
4vPgpl2c,-0.40382235509353137,-0.29031507819685665,-0.29407843277338763,-0.8714914160652185,0.34581084643935434
51r9aA0d,-0.350267137742982,-0.4469796816084841,-0.0590450077784066,-0.7672982949289278,0.3216614641270379
58SmeRoP,-0.24575618594483473,-0.10443475775913846,-0.028146464599997145,0.04507456878452132,-0.4892976039999386
5HJp1AXn,-0.4373496291266079,0.02684043037502981,-0.8272777818042254,0.5576488085679969,0.03281345020071136
5MBZW7fx,-0.2326648732689378,-0.2869947929267642,0.9744161563208014,-0.5303512031152238,0.1359807297222968
5Nq3gHaP,0.1470289221267862,0.40280681932732243,0.19188635949969246,0.7470160949797631,0.13615591841437968
5RmwFFK3,0.44380188060474524,0.01907189569997847,-0.0786280773904604,-0.03490740867294306,-1.4336958232914814
5Tu5Jbov,-0.5189452856204539,-0.20566846615305856,-0.5680874735285055,-0.19808850935708477,-0.4143304927064211
5YEolkev,-0.38347298595474655,-0.2881736671862587,0.05177695935118898,-0.41364679265841886,-0.29214228748866766
5a8sf6QV,-0.01917367963162775,-0.16159839476508076,0.5926412547628548,-0.026267453034556354,-0.7585042270210298
5eSvmqYm,-0.3537607816717596,-0.1570436551211447,0.21267385939929007,-0.30280769447954725,-0.3723562694402691
5hkN8fiv,-0.22000246419904812,-0.12018017169079265,-1.4789961903029347,1.1814536281907024,-0.8066257027102157
5oK8Gti5,-0.569042180386738,0.047697967822257326,-0.647076331423234,-0.5129556676244462,1.623134484635676
5paniGaU,-0.5662105810926974,-0.36293341687282243,-0.898749377186034,-0.7780588119084584,1.0995629682012176
5vsr7ZUP,0.5108492640227027,-0.11774040420472609,1.1082514472650633,-0.3080057482971412,-1.2414457037274307
60B4xMWI,-0.44208528193141916,0.04967299839687023,0.6446933588172374,-0.7419012801056439,0.8037106074508582
64jOUtKy,0.13510757664951,0.07481682819512336,-0.18731454934866854,2.13823900523807,-1.48351943913155
6AJo4xNG,-0.4343248040406493,0.20566836637213548,-0.5892139272004737,0.11769250977301482,0.6962825173460541
6CAvhEte,-0.3497185237540421,0.060046783657396574,-0.7617506083265493,-0.25962605347245216,1.1198848697705497
6CuGYjT5,2.919950994395343,-0.4206516590185334,2.14462622633029,0.7593046962247811,-1.0375783530752134
6DGH8ujZ,-0.27600004455164395,-0.18379841373111283,-1.400880621451945,0.5364718075573549,-0.533882946662624
6PzsGdVm,-0.26825726121771964,-0.06619208807582488,-0.8760123296856204,0.5423908139053495,-0.510169201296657
6UcSJMbq,-0.5606495744852751,0.1901382075464948,1.026975644137126,-0.9976317821228164,0.327054266349597
6WJbkH8U,1.2655180473109553,-0.290382194007309,1.6068223843226566,-0.09020685327271138,-0.9473466091411584
6eUWsVzw,0.47670139874642103,-0.032476165844984806,1.395076237340179,-0.21339180204329722,-1.5140662632846844
6gNyO7Do,0.12033547168064018,-0.25172846521867775,-0.07091236371750931,0.5724473320089558,-0.9288143657002994
6jT0AyHe,-0.03472733213695989,-0.11319681722319963,0.9868482812940034,0.08990117845036849,-1.0907822789930552
6nBgCvWu,-0.4943584193981465,-0.32472677786076254,-0.1899777349503733,-0.48271532658548466,1.1431150380823336
6ro5mqg6,-0.39352122004695644,-0.3736747043095807,0.1197730540093449,-0.389349677497016,0.26934300093592434
6sGqObX4,-0.6152137900619223,-0.4617364253464462,-0.7626122978895022,-0.4395540279720578,-0.7604868892748247
6uEGy0n4,1.9501633557427098,-0.11059791723177348,2.260465631326513,-0.6848640697281141,-1.2461420398930105
7BZ4LxP8,-0.03521191512866295,-0.2584287407572834,0.07184941043444049,-0.43624433485893377,-0.267823869181365
7CmigXKi,-0.36406377700061654,0.09826563398369892,-1.1656231379733821,-0.40094126175488753,1.1530376006386458
7Ga0LpfR,0.2251814430490171,0.39453569426392043,-0.8395300059478199,1.9519202784444545,-0.7596753241931484
7PQsFvsG,-0.3203446875479372,-0.07255626313612318,-2.026440032143439,1.3136103662092822,-0.5610007240201131
7aF7nnwn,-0.5897779728045194,-0.4352170345920445,-1.0389163437234696,-0.8508815124164855,0.9892094863090559
7asGzfX9,-0.2209681578471887,-0.11972560536391263,-0.27713775605159974,-0.2893706197920025,0.1721062653242651
7cg7C92o,-0.45373000520724105,0.14174872566750985,0.11433274005095662,0.7755101987805304,0.2844005277994537
7eOxTpsB,-0.43002744885345834,-0.12000240485953562,0.35872579301350704,-0.722792602032932,1.0964858768285293
7ey0v7ma,-0.5465953703216897,-0.5502849468667979,-1.1765141954206069,0.10853890868754235,-1.241796003933695
7gocyrYl,-0.2365894326660296,0.032792267871498026,-0.11868343652757396,0.827233870811547,-0.24981404851029687
7gqR3GoA,-0.403524014541496,-0.3263081081678525,-0.46184814072920055,-0.4102739956867296,-0.6741378728337342
7og7aUXB,-0.28729240485447605,-0.015242467789123637,0.6076429250456545,-0.06856376434932798,-0.26037079746026315
7onRfa8F,-0.040741479900340494,-0.014481554046271938,0.9307726127840557,-0.3581317120082801,1.0362919910850277
7umkNuxM,-0.14376251373980864,-0.15641308996068126,0.08157161300143123,0.3261012764157343,-0.5757643867462949
7vPr9ExD,-0.012879202560021952,-0.22994636907982802,0.3363109056822555,0.009987249768023787,-0.7696821152520616
7zNjpCzu,-0.47036743139981496,-0.22896945029255455,-0.004714254659559103,-0.14906190664833474,-0.6913894234120281
7ztsQNj3,-0.5002057408894203,-0.23463923278736054,-0.06370002074480219,-0.1821651586122286,-0.6871469549940858
86gppwMI,-0.5479311898863912,-0.12969933865692163,-1.7142443318939353,-0.7341542038973827,1.320530419608195
88thAGdL,-0.23950474200703553,-0.23758811055098938,-0.22640360909325175,-0.41967330959999316,0.16011986477781726
8GhU8STP,1.0500842336457694,0.18061910125275737,1.6693228905565025,0.5198907175812977,-0.7360340425956284
8NlzDcWe,-0.3380298641943469,-0.3185405084351647,-1.1994892380557598,-0.7316925287321325,0.15181076719557574
8QAejdLW,-0.09781600078643038,-0.23300876313636998,0.0035209236171045433,0.15953595726848135,-0.7840789097252756
8RDeFxWM,-0.28556562627202453,-0.25186558336476317,0.07062949468446966,-0.6724640448482475,0.8879279313215473
8UXP2NBS,-0.43954317644986673,-0.4781215140539121,-0.46003185958259785,-0.408206731780119,0.3135528165049717
8ZoV3KGT,-0.32304247153772536,-0.412960649533618,0.017500982091876338,-0.5818861834775859,-0.16319049572927646
8ajs2uG8,-0.40432469229947543,-0.32354445914110563,-0.8044473161885275,-0.45050323264950265,-0.9029427447447862
8bXnz62p,-0.44759080216247327,0.17126704316602392,0.049209879005063684,0.41348339412792967,0.9183755829809623
8nO1O1LG,1.6604947109460895,0.4618939343198303,1.844317212202002,1.492776220690594,-0.8699740211912914
8xE1p8g8,-0.43300866126194393,-0.07226985683350229,-0.3795434966946072,-0.2739403832965124,-0.1528984110108187
8yMDVMRM,-0.39886332076569175,-0.37986774375908006,-1.3352666174491628,-0.5178290754219503,-0.5713818922530383
98R5VaPi,0.5775142285408705,0.17099331806444518,1.893508539269094,-0.8726679584247492,1.2640963225795812
9DcTz2Ua,2.5443478144741434,-0.33879774300307197,1.9831329632375105,0.6473250126833321,-0.6856322034899396
9G7nfUrK,-0.40541557739491196,-0.03961943657681566,-0.3763543469180899,-0.4140396449428678,1.0498428032198088
9O6GZ1HT,-0.3356030570405224,0.4914010152241257,1.1803418691302046,-0.9262407164123303,0.06413337550760012
9S7fCoAM,-0.6232550222586966,-0.38430816172344073,-0.004292389336553626,-0.2580238456516142,0.8446615377771476
9iQwmFJR,-0.3457274979593663,-0.00913169991339835,-0.35639595461405627,-0.41343634539412477,0.9513692720548814
A3Mt6SAQ,1.2160196675247548,0.19276261435866893,2.024160108474023,-0.9610943211056835,0.23355782378087575
AJIsQIcV,-0.3933277923681331,-0.031742353383508615,-0.8802775712724564,-0.2457748333029528,1.0957477356761327
AMHKXMh8,1.7910158278962385,0.5249656169106469,2.3087530727602985,-0.5294238515888807,-1.2410059681868635
ASwA2J4E,-0.18277309925199603,-0.050017735197018354,0.2820905045641826,-0.37647818620148854,0.4920535208322061
AaFvEoHq,-0.4485064367756664,-0.1533393447026743,-0.08379836205902613,-0.9215616751162585,0.7878696739763935
AiIPD6hX,-0.10284004463958496,0.02425176757775027,-0.4479012986634938,0.42299334175806536,-0.01551783272850038
AsIURvJS,-0.4865487556055328,-0.1509604963395237,-0.13755797910969925,1.00186967672591,-0.9697960293732368
AsvgbJ0C,-0.11377018428468233,0.06926137395917742,-0.7179008097486825,0.7995682636233781,-0.1463147217299312
AxEhbkCM,-0.3445031750663716,-0.3704135648460056,-0.6611353435587102,-0.479881610948091,-0.5178906364934566
B7VPkIpx,-0.5861057388458235,0.1353507905495075,0.6090328000459682,-0.8726399959206717,1.0904550449478219
BBwHqHiH,-0.0030830393263627798,-0.5973946876166725,0.37520604497651,-0.19839809818557086,-0.7474943310070277
BMyps8hr,-0.13076473665953614,-0.3532804918778698,-0.526457097236273,-0.13150000941191564,-0.8354992749017303
BUHS4dQw,0.2716542398791475,0.20422118469819672,0.3655264604745003,2.8878045684118163,-0.9218610476281075
BZB3EYWQ,-0.2599930434291551,-0.13770049662356776,0.12668940656068806,-0.4084848712441769,0.6886338360774342
C5UPCZcL,3.1187010176961607,-0.24182063399725173,1.9973956561293722,0.9085694439701868,-0.6036344507418736
C5gIfQbJ,-0.3071879585688535,-0.45403423068104765,-1.5434295104973739,1.3918135257562838,-0.9382964376317151
CDRuu4Pn,-0.5571907352352596,-0.16252108509628904,0.054459744174453206,-0.688996177592621,0.9376781873553508
CQhTYkqE,0.6288430727179488,0.007826652561432113,0.6875691990603787,0.5598698647708673,-2.2647679003174463
CSEobMXv,-0.512787927482556,-0.3484455765739245,-1.259442649403793,0.4536644688275331,-1.0117651473400375
CYMQE4x0,-0.03196159641559149,0.46693521652910697,1.5460670300758625,-0.08404277913103186,0.8788110032466019
ChQdtl4J,-0.495618964509255,-0.5752247324691258,-0.15791224115717561,-0.5260165379929092,0.5061884218731674
ChnD1nrN,-0.2998981492112094,-0.3910452372712303,-1.2006737023607297,-0.924640244865536,-0.1648919646275946
CvtbbIcq,0.8612859323173083,-0.2141666239896427,1.5027204735283863,-0.28778296549005944,0.2131513897176145
Cxk06b77,-0.31506845708029374,-0.05404009833195467,0.31357255158720143,-0.10841733581553825,0.29158078813919097
D3QD3ZEJ,-0.10320764357150125,-0.04873691282786474,0.4206704343992147,0.3855588491468964,-0.0879850228437764
D8J5C6lA,0.6621617416174317,0.282913029619392,1.4028068176480861,0.3263400149422253,-0.8207073686925188
DCeQwYfT,-0.31799762798457465,-0.06697395687673868,-0.19831419751652213,0.11127801299205231,-1.1395851365476748
DDEftkx3,-0.5253453676116138,-0.2680940049523475,-0.857065471135213,-0.6579369585986612,1.0164676399336994
DEwCfeDW,-0.7317406012545931,-0.11306089834410393,-0.529430167551693,0.08575219693086211,0.7581260457474226
DMkIV4oL,-0.39151411937857716,-0.2604467998099995,-0.7214303941386628,-0.5077305550499247,0.18808858133446016
DnzGfbxS,-0.11723324635133991,-0.3533597157221653,-0.1642128179687301,0.10441041291034736,-0.7722546492794837
DoZxo6f6,-0.35317737074476696,-0.42071814585337286,-0.1984590268025226,-0.8503534641927715,0.4882705017418001
DvhBPGIk,-0.41100684986415814,-0.36274321553732314,-0.5109063949898722,-0.34655636693337755,-0.3485038863208221
Dx7GoUcT,-0.5560378947932136,-0.39693809120776,-0.20506868414348212,-0.6468059236447559,1.2769935454554169
E5hIjohO,0.6597773859446292,-0.1842944787314469,-0.0011963147667142238,1.2775369729426487,-1.2621203373317886
E6x4XGHt,-0.45718661255271087,0.1376532972279687,-0.5198144591345066,-0.34707979252873855,1.3977950262007024
EDEpAzh1,-0.5298224357440873,-0.2271875503721663,-0.37100105599937017,-0.3045369070763897,-0.8539025547296379
ETGudkQt,-0.38174628748513584,0.0025994545265870528,0.04968590793534311,-0.5897608328585235,0.9145407504339627
EUleKrLJ,1.9408298489504645,-0.11793365432107983,1.898804052748817,0.5183872190337482,-0.35706098526213204
Ehw2Jz6s,-0.28117025825961406,-0.25437913849795457,-0.4622869307045061,-0.5986778953926475,-0.2954596709104127
EjqzC4zH,-0.6351655326099959,-0.07921013323188397,0.004771207969968216,-0.876601159362103,1.0635787714101124
EkMZO3Qj,-0.4799963856741911,-0.007591994664965185,-0.1919123901848092,-0.6301788261254657,1.126306701185177
EnoNXWvU,-0.5582462185977661,0.2857447379118252,1.1373531498025091,-1.0477534921745288,0.33668660249998617
Epv8ANwr,-0.2306731791406733,-0.19084930270232014,-0.13596056380673183,0.5051508371413505,-0.4390358221452235
Etro9j0B,-0.6656437445810539,-0.07191026423983438,0.47241017666557816,0.19602811354884153,-0.037909155908772973
F3MIZj76,-0.26920076586268493,-0.3553157419011246,-0.5749433075238652,-0.05526297289821258,-1.0749147527375218
FB8tU00K,-0.2925870559958881,-0.20871271031150407,-1.0591555131709196,0.3965834544640714,-0.7297222635323752
FLhxBGMK,0.2869527642249281,-0.06593311078371933,0.897953421888376,-0.2395351323546535,-1.023789210202148
FRreR8ka,-0.3215845882398085,-0.4834815053074113,-0.27980995389815,-0.2580486669744957,0.41634093430105246
FXne4oAV,0.3394815658773709,-0.0030557970223004105,0.952770702327614,-0.30511653694389196,-0.8057917890336004
FaW764jk,-0.5656374351867512,-0.09297342394906316,0.28804943177375897,-0.3102288154062123,0.38882385014506404
FeAbMXly,-0.41368506071942335,-0.26862655316848993,-1.3952855314969224,-0.6204024966920585,0.5270532472797012
FeudaFXn,2.0032909958397553,0.05143657758877218,2.678130833906396,-0.8593111534515216,-1.8113686128298188
FldUmFeM,1.3583115973003927,-0.09317577232481433,1.9322863205011505,-1.014574450617765,0.4544812528357678
Fnv5tfAm,-0.38076581530115305,-0.23086206768143036,-0.17748052672366832,0.09909358444219407,-1.1362316855037253
FvrAd3Or,-0.5565809143165339,-0.005607020855807221,0.9134537289696869,-0.6566536931978177,0.7227641779146605
G48zHffi,-0.16428678776103567,0.34916701132338623,1.8362423219600874,-0.713462194167441,0.8144209765515651
G76zCv5N,-0.43551556188433693,-0.2489058959910313,-0.13180223198695096,-0.2966379070874652,0.008910515657708729
G7JGUdNf,0.06616226632538513,-0.3414701137354701,0.6447869444105141,-0.21518063928959208,-0.729040789749769
GCo6MONx,0.9809215622542737,0.27471765622600053,1.7509653360607604,0.610808528895582,-0.6865664572750294
GE0vbpVQ,-0.2526836541285107,0.16410134322710057,0.24194171231057915,-0.3491461795982147,1.173268875562945
GN0DfOqt,-0.48284590021669516,-0.03205920705126353,-0.2045478591248706,-0.41512585709090644,0.9213997374637355
GNsTAb1v,-0.5405462341379703,-0.3417536954731464,-0.24905133993932616,-0.4197961816569702,-1.3965380747894134
GPwmO21z,-0.31454115253584547,-0.3519068000897665,-0.4811079123705735,0.10319540656696091,-0.7457874856744358
GQYpfLoh,0.4373546907461545,-0.018130529653847205,-0.22170465400675532,0.41741194936464154,-1.1781012452855695
GR9knT8n,-0.28526947663542757,-0.08042550074800836,-1.8910485254186664,1.2578039462388872,-0.5917351679371397
GXtFFbZy,-0.02843633922314126,0.012532329006587517,0.41441685033307074,0.06237354367130621,-0.08036274940320176
GYvzvvFD,-0.5778858487467247,-0.3821453597085043,-1.487483489234803,-0.7707450630377295,0.37645462038120137
GemPjTJ9,-0.5876190458468287,-0.42647008972575584,-1.9256141311493433,-0.237995138907813,-0.9205255645346089
GkLYRm1K,2.229365386730727,0.06989830039843348,2.447759042911928,-0.723416572487217,-1.7388985997466708
GmlqP8eI,-0.25763582276179164,-0.41640340607786364,-0.8586839373133284,-0.41768876964311374,-0.2026027396230976
GqkIrOvf,-0.45183273443874583,-0.3228105461422661,-1.2669666939332114,0.348385865623591,-1.1293120589424408
H0fsegPi,-0.5460879252716282,-0.185552109720577,-0.09331582411912898,-0.42750009842318804,0.4788787596036226
H4dHpJjU,2.1321741110475827,-0.020060102198970142,1.8926524306257466,0.5954743263448066,-0.4443060371057701
H5QwJCuU,2.089135280733693,1.0880027951260285,2.429269512922035,0.2956073293077637,-0.6709031167837285
H5uwmSZ0,-0.4391709690191661,-0.16947274458847694,-0.400251198775079,-0.6681856843308012,1.0164472568695881
H8MtbVoL,-0.09602371612911753,-0.3721556581550818,0.13041719920649264,-0.5362744083598088,-0.17488747913272995
H9JrUYnp,-0.3049230080361909,-0.36333225119428114,-0.14401261353348893,-0.017822779202042227,0.43352386321305936
HHYmmHVk,-0.6731445116458659,-0.26754987927792406,-0.48292413198440265,-0.896266884850256,1.3945634012590116
HJ5U4uqL,-0.5344689145488033,-0.4084527230080699,-1.4779423116165002,-0.5760528688927522,-0.41187015789079773
HNQxYc4w,-0.1663414616070682,-0.41237324784937535,-0.4201088928752892,-0.5563134256121245,-0.38685440909181956
HQYhKHZ8,-0.3667307668849631,-0.2066936397569794,-0.5090420294513773,-0.3501720274265878,0.09544457908589798
HSCMx0MC,-0.34673831658367504,-0.24061648730652685,0.09695146400874144,-0.6691249773870638,0.8843855239348439
HXYuE0fx,2.270554554375643,-0.36163882666746083,1.7726543949479652,0.19184391427172187,-0.9170595431086159
HdKcxEWr,0.13315859943647723,0.5301551098944923,0.31662483132778796,0.41018918888818945,0.4232559326766303
HecW1iCC,-0.6213174213255357,-0.2693192871303314,-0.47386116033747605,-0.6859195829088591,-0.8103238769498322
HpbKB8rv,-0.6006666218183696,-0.6894786958965984,-1.7061299326164612,1.4201833926017073,-0.7057813492418692
HrkoYjCg,0.005858565959691475,0.1852819107769914,0.22459919917266014,1.0990532291043067,-1.2250293785790465
I5P2uquT,-0.2694376815063393,-0.0583079698937059,-0.06400133236318872,-0.28808978982936395,0.9342765682241687
I94qkDM7,-0.5624160520403407,-0.2651589820617506,-2.10923281572512,-0.8681140312993918,0.5000126111400558
I9sQbtt8,-0.34404209230454086,-0.1958652963659393,-1.4399083434641238,2.0567295638142653,-0.7206419453785831
IFxgw6ZX,-0.3833935304457796,-0.2710765373232267,-0.38100434325904864,-0.41072888623073567,0.040135809030408254
IPPPSyoU,-0.3765867868344017,-0.3114287578865902,-0.9095695118726166,-0.2377359478691048,-0.9057712026759592
IQOYQubU,1.6202233931751593,0.02136294171746833,1.5970602878492333,0.1475810017076995,-0.49622546787656496
IYNE2SxU,-0.5146328665780189,-0.27730196083952485,-0.4522489701689505,-0.14755593605155326,-0.9332178332850791
IZRFk9kN,-0.17918754010245408,-0.031415774365216365,0.05266207512205945,-0.23705281264783906,0.25329685650024736
Iaq3v0t3,1.2433859436748875,0.3460212211683551,2.007207509266225,-0.8909811087448176,0.13965081690833436
IbVwu1t6,-0.3526707475414028,-0.2656579726245969,-1.4828973093067201,-0.056895165949917725,-0.4902520322528918
IcHKTLyo,-0.025805826891179606,-0.15279031453259684,0.22490924769182818,0.1909156093000277,-1.055525638367607
IpW80wVB,-0.15037393731402204,-0.1379111173956904,-0.46530126974583474,-0.21958614962107248,-0.5045638381314976
Itb0PYUV,1.8123269707564518,0.10243790954505805,2.034211454978065,1.1161741428269991,-0.8288294474340265
J8fpSwS0,-0.5315071436627719,-0.19938165467842062,0.48691543099222834,-0.9930050887544937,1.1665847906598454
JE1SlbD0,0.5048088102573942,0.29447330959543017,0.9421351529467916,1.8290308288379222,-1.4027955063037272
JEB4McNb,1.1545987688803265,-0.25631283953056716,1.4475832586317825,0.025319335514787156,-1.0844222238364356
JEE4QVeQ,-0.19606545329427405,-0.3026283450382312,0.10753109774079128,-0.37990341070615585,-0.9973609386041691
JJSEU2VQ,-0.5015824706772278,-0.19729337000002722,-0.40025430471221846,-0.541526572970092,0.7782689834795118
JSsVriP2,-0.3975785434169907,-0.07494669279926036,1.3340511800647779,-0.5537166507415847,0.18368023868891292
JUvQNiOK,-0.04008763443037111,-0.09172821384540164,0.10472578862710868,-0.16119421916294385,0.30143765774949394
JZbrRtm2,-0.2586628372120927,0.23165439194950288,1.3595753696913722,-0.9458698071988962,0.2487966391773906
JcE9G92B,-0.09738884040437057,0.21819378679343338,0.025379507096220166,0.6584105887748777,0.058879893677959316
JnNYpXHr,0.016011439490988266,0.44793160450704583,0.3326026282861836,1.6628059743625911,-1.1069596071328025
JzpbnOtz,-0.522826147673392,-0.0015093777530115204,-0.5986393798452649,-0.7918425014243482,0.8935738486535509
JzzUhPQp,2.1967941874697985,0.2587774948022865,2.448111669119969,-0.5201329686483902,-1.6921633078353526
K05R8dQK,-0.15714246543414134,-0.1616899234578728,-0.4280987616771039,0.5094614039288174,-1.2798564449957386
K17pG2mG,-0.16583640391238674,-0.17016809182872983,0.7306032549672796,-0.7205827112587073,0.29690934394341717
K8BellUe,0.03750142168498627,-0.6230160089891275,0.3383049051604008,-0.4597642340105992,-1.5769979939931265
KJ2eH6rr,-0.2959480614137888,-0.582777275722167,0.5576025172645291,-0.6215607377121657,-1.7023063400437142
KJEJ6Glk,0.4983087652078879,0.08086897168673879,0.9585862033941499,1.296016607898828,-1.5382578731813457
KSbO0oXS,0.3045305338562443,0.31138423104844826,-0.18680143226855073,2.8827203406843367,-1.924454972510711
KXtvmd01,-0.4550685773858518,-0.2603759627255773,-0.021805361721346728,-0.41091858754503363,0.2389883950319298
KYiJqBuJ,0.0759352235225137,-0.3344586280892532,0.9998371273536737,-0.7204881837459922,-0.7610550515427068
KmbAyTcE,-0.18750211482367973,0.016599828671912675,0.3271104641894613,-0.2894591081840687,0.19743770277739792
KnNyl3rV,-0.16538276113463013,0.004673538525691967,1.0415815115006968,-0.4986131936588478,0.9814357565748022
Kp2DG8TZ,-0.6011553375521785,-0.3089505236222454,0.15756431372348523,-0.6065750700429859,0.993538729685616
KqQtKWs5,-0.4952992157270515,-0.4518835208401857,-1.1049212671682493,-0.5347372250856139,0.35742626782769626
Ku27g63R,2.7484867946011704,0.4781760366548564,2.3009132985494194,-0.4612660608104804,-0.773931587912438
L2aTVqDq,-0.36934282869990653,-0.1845583714004011,-1.5115354032700292,0.9709206777512875,-1.044076404675133
L5jvq6G4,-0.44466299195503467,-0.281239306545233,-0.86156169338072,-0.6669115781337993,0.719675168385157
L91hYVQl,-0.24990798049132223,-0.5196755432827036,-0.9933678941383572,-0.7899087055700917,0.16737591034246257
LINAMlbA,-0.4861654930611863,-0.15227442839217709,-1.6739520293199188,-0.09378688591771578,0.4774664557454624
LJoUNXSx,-0.2910521781798039,-0.31185518487667885,-1.9387840976473694,0.28921931228837394,-0.6457473692979594
LLtSiyWD,-0.444571969162304,-0.2379772702389733,-0.23469946410339837,-0.3932613197537691,-0.1953945486937929
LQJtV8kn,0.10905691468885692,-0.15991668000619264,1.2561797703670141,-0.2532591060292404,-1.0016714171950927
LW9uddw7,-0.4970057057609907,-0.46043144503723177,-1.0768427832358451,0.99027282038805,-1.1542299440487742
LZ6sdBTR,0.6680199743057287,0.8026743429999055,1.5929229605421984,-0.010599793533678792,-0.8161821198181034
La2Vhnne,0.23718561239436298,0.1795417275369413,-0.42318578239836135,1.561981433000092,-0.5249466017020215
LaUWSq9B,-0.07440756226171885,-0.461506267682255,0.41481789912315215,-0.06934017249823654,-0.8995550122716569
Lk4SfkPQ,-0.7470861547001064,-0.037029303848742146,-0.4734574606450064,-0.38005494216161395,-0.6420855114164343
LllC836d,-0.18094541146385978,0.06634918336918183,-0.2691761551381955,0.744648278142968,-0.14482216468683795
LuGiGeWN,-0.4687705322669231,-0.10521164644355174,-1.5168196939125504,-0.5840746845007558,0.7959372304386587
LzcyHcWa,-0.3588876174737621,-0.12159184703718218,-0.7701237426231113,-0.4880384664914388,0.6479327371790813
M7veP0H4,-0.5673592823688764,-0.3707956210875114,-1.1305111365804645,-0.3537542091514112,0.8008605225232994
MB8aaJUc,-0.36155139459354046,-0.1264264509792543,-1.9703536630226903,0.7756524706628127,0.10350538336309079
MDpe2zuy,-0.5765226053756365,-0.2827232856126489,-0.0903783020098512,-0.4704317280469965,-0.7686879397741624
MEzdmEIU,-0.22942223121865624,-0.2032870065196608,-0.04739244928394548,-0.47405714842323476,-0.055016358634810913
MVnhtivm,-0.33718555014113605,-0.35990506320935545,-0.489760143580936,-0.17352641036239191,-0.5032247744846874
MYU7WDis,-0.45463104479060945,0.0761695598410892,0.36619122172261775,-0.8166386663498812,0.9241461249449738
MZFqh6yw,1.6392222508809695,0.31862561865623995,2.429472135997928,-0.43524568892217275,0.48576892017184115
Mdgy4SsO,0.3392233683250865,0.003149952972178127,-0.44316387142906244,1.8142539269452485,-0.7040367491507542
Mj8awnzy,-0.5596127042246977,-0.251063856461899,0.2930377046682384,-0.6870155805366309,1.2816657994636724
MpFPbUJy,2.1539420807710243,-0.1335650637594359,2.061691210011775,0.8444189450669413,-1.065841951866668
Mqk7MFBM,-0.34551922018201964,-0.015086356243175558,0.35554880592964544,-0.6315732988724037,1.0718369070756406
Mqs2t1Eo,-0.5520126935509566,-0.22146388241357506,-0.40048197270196617,0.02363011065433085,-0.7408049194335664
Mv3jFVxp,-0.20889249746799265,-0.1112303864175761,0.29590464593049326,-0.12214618612477324,0.011734507922602333
MxODTXvA,0.23325161363461433,0.09720814533453215,0.7608202625192622,0.13041644508911787,-1.039634138337414
N46PbpPM,-0.1467460036135222,-0.2343798481253021,0.4663589231527272,-0.6934339881717548,1.2267906379448785
N5S5F9Gk,-0.5615416597786194,-0.22449670356594886,-2.271353844233529,-0.794713094931403,0.8491797846774087
NLDg5fqw,0.3599788433091575,0.20765387829656667,0.7093356811196987,-0.07600789730616242,-0.1449402254028147
NOho2ZiM,1.9146001760871272,-0.21273222865979058,1.8526117806809612,0.403915924635335,-0.8480346504173841
NUuY7PFU,1.9138522634282467,0.09124824448904967,1.872570555058262,1.1648863319322302,-1.084544582478765
NV1e8AEO,-0.40322240490625205,-0.18201486160627844,0.19824297427250492,-0.556817989244955,0.8142080640783487
NZLXROKC,0.049848742777406585,-0.009307101838333054,-0.4868742029816371,0.8344462408418352,-1.380851909922848
NaJo7C6o,0.3265215160352213,0.06367500793554193,1.2725337085044135,0.11292300838983493,0.39266843183680145
NgsyGkrO,0.07279900773462344,-0.06369060883493383,1.0910405202808011,0.44587998081733105,-1.2288078236641642
NjOx4Zpo,-0.3347054226480637,-0.4005084603651472,-0.9203702495565107,0.7870414565997592,-1.5461163275293703
NmQoI7x0,2.436082021066589,-0.12846766114138752,1.5507250477781032,-0.5380830060917603,0.06836809864683424
No4wkdLS,-0.446805200862606,-0.3972447823017706,-1.6720020220368337,-0.8074647759541946,-0.28493259064168264
NouMwhOf,-0.2840008561363234,-0.07215999951780994,0.7252397714523955,-0.3393796376799898,-0.5580824987690622
O6YAWd8C,0.045744938072651564,-0.5950616731116884,0.4243871583762644,-0.3134414206579592,-0.8594433713232039
OAXVphSh,2.0712219277090966,0.056533727172661585,1.8883356984001853,-0.47169524403380336,0.7154235164154041
OJBBhb6Q,-0.6069835971340822,-0.5054139383811549,-0.8919250804542411,-0.9647639744993555,1.220837024516305
OSIQXImL,0.805853668214489,-0.3209327394289563,0.48277833108615376,0.45963407505104925,-1.3679656995817542
OUUFc5Zz,-0.4140861016369186,-0.24883958163458608,-0.07060439850145706,-0.7483094219051551,1.0377010436324152
OVk1lquT,-0.16448210903784144,0.2532617460254709,0.4253526595580457,1.576247392785099,0.570673633138659
OXdRxjzz,-0.1727991206819084,-0.08911715414264343,-1.000626400541007,0.23608819749046717,-0.6395700671845308
OXxW2ekf,-0.4530215459182969,-0.4379820998966739,-0.9252668886915512,-0.35719143258545927,-0.43233928691449286
OXz5OpqR,-0.44807990237516293,-0.13700563358556117,0.6960757114534477,-0.5937537937106114,0.33693322916508883
OcBFW1AX,-0.6151361664435413,-0.12437874059118492,-2.4775837927140696,-0.14363956748825757,0.704042547006912
Of9V2rpt,-0.12433551221440808,-0.1862754867344325,-0.019362143728796966,-0.07514585508254612,-0.7751639193346538
OfLxPhbG,-0.2108372310769724,0.11024600530968875,0.24101671872587538,0.039962205341517176,0.9486718321760517
Ojx2vi48,-0.41009747361497517,-0.3679745864593702,-1.4554373570031043,-0.7483859374893242,0.25705851330451956
P3M32iuT,-0.3634400869689003,-0.5565110823082637,-0.8368678230531099,-0.6398230425153812,0.012944215236649015
P7olVzrO,-0.42199459059722955,-0.20114266001668746,-0.4048664517508609,-0.5287331203263008,0.38050054573353087
PAPHErnv,-0.4259356789354811,-0.3382075712235224,-1.0270606382459686,0.07448164581041539,-0.6418584980937059
PBjEtfXb,-0.20336314316157456,-0.16064680774811002,-0.21468400868842075,-0.3872499567665315,0.3964633719161892
PZGpoBBj,1.8641123298118814,-0.007767630104483558,2.3362023252752966,-0.6399572101075179,-1.1511003459808027
Pc2RrxXS,-0.5345305244484067,-0.30465842487332573,0.2326988850559406,-0.6316836302818771,-0.384575036949963
PcHQ4FOu,-0.47821488608881424,-0.2223193354985984,-0.7431256893073463,-0.16771622948390785,-0.15083070853949643
PeNyTOVN,-0.2737073650298285,0.1266835214044999,-0.23972700189231766,-0.088027632214839,0.5641128521411982
PhUPSU53,-0.46508585890772025,-0.136827844979182,-0.432140385639725,-0.25624198663143005,-0.2608175155590917
PmUNeV2O,-0.5258017449589047,-0.518371038842945,-1.878377091087243,-0.7030508197107608,-0.24325856783149824
PoDJ0uvK,1.6173812325321464,0.7225499299673697,2.034246049120627,-0.6236923361793103,-0.27579513056923055
PsUJdJdg,-0.08899971442335897,0.15835546909134557,-0.23629351054158398,0.5622150521952065,0.13065674396887594
Q3xLFx1f,-0.33160209092805104,-0.27802006855212547,-0.687094384073573,-0.2978653016814903,-0.771490753803727
QBGxCvdM,-0.12434655795662053,-0.24343864251581415,0.3687077626687074,-0.32745535256577085,-0.769595869337417
QCEPyu6L,-0.397206497876347,-0.3647297604330948,-1.0217480553733207,0.12130263875503289,-0.9989772178804461
QEfwec4s,3.109410087615082,0.03184647972544319,2.124727718098727,1.6734579526168503,-0.5332018240177323
QZ87Nnr3,-0.6293512203267042,-0.5295927780554326,-1.1540998890963987,-0.5337126000751411,1.0154432290320354
QlyGN9jv,-0.31515101797342737,-0.11738934355538966,-0.49933038313655054,-0.1059754049116961,-0.2063483801365411
QqgWE1ny,-0.385630377668555,-0.13289698574966913,-0.05751015143731131,0.23541306793794803,-0.7577653730394278
QrjjBpZd,-0.49565324212583306,-0.4208088791093747,-1.3902273732369235,0.9967534146653136,-1.0412901256466913
QsaBiX7V,-0.39147260530101136,-0.19139451481727754,-0.015302592130394643,0.07748317900058765,-0.5553382043334469
QtBKJuZk,-0.35522674827846146,-0.010001218897871311,-0.31606598864389746,-0.23944350265167458,1.193227774873895
QtPRO8OJ,-0.5714139004587437,-0.11404705214967414,-1.1194387933050916,-0.6662968470341681,0.5695198504864774
R8XcsFnp,-0.7464067724479051,-0.12528821093850873,-0.3503448783544467,-0.6701597686431384,1.905836731418395
RROfRt9z,-0.2693219313898467,-0.13638049315535916,0.5735172390464118,0.1528007829195488,-1.100506127083344
RTcbiDGq,-0.48543920054110146,-0.33640383192336465,-0.29509830416144034,-0.3994194223189922,-0.04261195489459091
RVidM9g0,-0.30526289727024647,0.04904893138687605,1.6181041788145354,-0.7775117436694288,0.7289579179224628
RZnQSH19,-0.4891803710145055,-0.04602834993433369,-0.26723627810359396,-0.6055939775756585,0.9061180560721649
Rc4UK7fT,-0.6531010438713807,-0.22868333565942756,-1.4520544598912988,-0.6692511417061766,0.558899808208599
RcKBKh6B,-0.3559508754699223,0.04255625143001218,-0.30498738315553275,-0.32136767228308116,0.8662067133965419
ReM5kDa5,-0.05114525120573177,-0.21571507505008647,0.1972903495148035,-0.0019616939454678572,-0.8585409301639348
RfntsotG,-0.5085102377436002,-0.058125264075117755,0.03348665116711125,-0.6251417671834858,0.6356884242460463
RiXMlzXD,-0.4008738661079647,-0.2598325929303815,0.07562507071590296,-0.4850052696656846,-0.31370959362799944
Rik83O3m,-0.5028097680544548,-0.13347341908424148,-0.299855008961897,-0.27401260067056654,-0.372720167794677
S3PCzDzO,-0.3794494112664566,-0.07864392563182498,0.6954553897917481,-0.6579450225024672,0.5227508183699054
S77BviOJ,-0.48434482768445974,-0.20508865002388355,-0.6522318655356525,-0.18040250800952862,-0.07835976307330306
SDdvtktF,-0.2845668350875954,-0.30120032956996745,-0.6802551417263043,-0.27289559812509623,-0.831578155216329
SHs1AyfM,-0.3433254828343948,0.22614290083752842,-0.008664458690402554,-0.14235467614690123,1.3167542866241373
SO4zQy9k,-0.36297852304071654,-0.2570210959348902,-0.2917408610141887,-0.36456502192987017,0.175059892400105
SOOBCoiG,-0.2309023072941514,-0.15113947668773342,0.1974229722632277,-0.4813919938604201,0.6731228602431027
SXkkPB7A,-0.5290950452165148,0.0997810883635406,0.5781988559315483,-0.6012265431517605,1.3257320900094154
Sa93dGqq,-0.5021411273394065,-0.005067736754556407,-1.9435057766972772,0.3333141871757519,0.6847802973817405
SonIG72a,-0.29820235267309414,0.025045319349244366,-0.7166538889273237,0.1056860905715169,-0.12060962370457595
Suf6hIBc,-0.19864364417319536,-0.026442812215593747,-0.06537903232718456,-0.4358189260158767,0.6410780962916132
Sx2JeSRz,0.043503985098844566,0.06926156631912583,0.06536861647102121,0.4451599858459261,-0.8642798294812284
T1Tlftr4,-0.3017636315173391,-0.05153165773130475,0.3122261899911951,-0.8659563928624081,1.226894400454631
T7ulR4ci,-0.4856949635988954,-0.2816183581236533,0.1449894334559918,-0.7493893242034844,0.998949119201944
TA1NB3Br,-0.2179362079043372,-0.040237123037643485,0.05745283779607924,-0.43468948008221986,0.44438051327336403
TFZUskaK,0.0032827436468991777,-0.30490930197642463,0.1549395776305733,-0.10121694854779406,-1.012832787698125
TNL8HGWZ,-0.14451087508607685,-0.27906873056612547,0.19377225404379494,-0.32537497682692873,-0.9270819121401193
TZ8z1GSF,-0.26286536342124833,-0.2519689550319004,-0.5160196974052109,-0.5045224661471863,0.27842324907681437
TqhRvkJJ,2.024655845140636,-0.5952995097833469,1.1617051102780511,-0.5889747245436681,0.23825245130058725
TtJCUiY4,-0.6183007558113118,-0.4342471398469048,0.37607113161131345,-1.0196575805992367,1.5996446860400564
TwDq0lua,0.26332129904564994,0.11032662608145749,1.1043497246332823,0.17769477741723705,-1.5408041111485264
Tzyf02sI,-0.41376818831870565,0.16224903638781818,0.7695457358963882,-0.450638684627215,0.9840982545639516
U3yI6ZS5,2.71562355353651,-0.12410922192806773,1.8932022455660604,1.2313121158129618,-0.7505206185641047
UBLnXZAN,-0.32203040471288347,-0.21379197996442834,-1.7396844720665126,2.1349338817186165,-0.4143179244118702
UBWDzleg,-0.30881051985418395,-0.336570484389215,-0.8796079964326804,0.28360186469360116,-1.2611973341616878
UBqkX6SY,1.5945455851258643,0.12908769655574126,2.138906873914964,-0.3461358919789106,-1.2801700994685863
UCIAi1Aj,-0.5717489791688664,-0.5735179415788867,-1.4483154436897916,-0.17217483430311376,-0.3256462827474653
UPbXGvCS,0.07518741990750044,-0.32167049899921274,0.4144363800474071,-0.0744309716996483,-0.9570514305531734
UeWm1l9F,-0.11443799739866023,0.021613025355561533,-1.2058055932998126,1.4246056182688065,-0.5559981564282399
UhucscY7,-0.4403176161087927,-0.26521764203256915,-0.383103054070018,-0.5831950250048337,-0.6292110328348546
Uri1SvHV,0.04191042627896735,-0.350266470262925,0.4206974656131184,-0.14392152964779115,-1.0512820785742125
UzxipGJS,-0.46412728269044834,-0.09956997699204528,-0.29533361443325923,-0.31866200004611045,0.5037065816114872
V74zfaAQ,-0.10062098602814018,-0.37313671356072753,-0.028230286420223294,-0.052856999681743844,-0.7394221463681507
VBPxBLTh,1.8495662322627808,0.23101073910753023,2.031649096968538,0.7553171047699792,-0.5415309544267704
VLG7CXYS,-0.27407233295364364,-0.017524254979564446,0.08818919649594825,-0.1578504476963687,0.6189324176313047
VNk52SpF,-0.482277356260262,-0.6131866043489413,-1.5278318404057085,1.857348786535745,-0.9077351953645749
VOREKsok,-0.48350945038803417,-0.2758680744010622,-0.4390577718026929,-0.7316273657859753,1.2089600679474923
VRhTr5pX,-0.468431853673998,-0.35291068813616455,-0.06636776277671963,-0.5968344720062575,0.08631384045577839
VTcG4Kcw,-0.31240064819233027,0.12133271330990958,0.47959850722829067,-0.6108147203458927,0.8833333597841655
VeKiWSbS,-0.18323786097082717,-0.07193247075351117,0.14963491267873685,-0.288696568637242,0.32632745562216847
VnU8nJHU,-0.3138197584650939,-0.10305251068361265,0.12184923437554751,-0.13910079842258227,-0.1728097711010097
VueNCxYv,-0.6133242324760673,-0.03551324734157113,-0.8826080436960932,-0.42741348359839293,0.6527268007440679
VxuQTRUl,-0.5227570973940843,-0.29448452691771543,0.04083025563297049,-0.35454582840957727,-0.564652318535872
W5lgaocA,1.0037756944364205,0.28132063086910186,2.1469921890398087,-0.6867695289833406,0.40408437651161044
W5mMq9Ef,-0.32093880983504874,-0.13232826377510953,-1.1415295878327765,0.31393602121188025,-0.2293336286137393
WDhNqFpS,-0.031325102946745176,-0.3300304493133286,-0.598538858361719,1.1830523800314907,-1.353285848140212
WE6n1kZi,-0.3720427680711751,-0.2915767441701451,-2.1527911095676995,0.7912585439581292,-0.5924364319679345
WFk6r3vA,-0.44548651771331294,-0.04028216979181032,-0.4125094902069417,-0.17984835396605803,-0.22903927574668081
WFyIrsUR,-0.5102260488031121,-0.35318575912801187,-0.588414773065308,0.3557653367052538,-1.0465332662869233
WG6ZAsqR,-0.5397912965019955,-0.30446355048128915,-0.6990733436727918,-0.7533314025251272,0.9880825190240383
WMq3CZQk,-0.3699688509879948,-0.5881942683592047,-0.9913742834000754,0.2303301518716765,-1.6002858475975419
WRskmGjh,-0.5833367279630934,-0.2186967603394283,-0.5150056688130302,-0.31275813358779914,-0.7899380612860742
WXijSglj,-0.32320872230977926,-0.27112117956871096,-1.1814536172773682,-0.28162694231439644,-0.8955501630633709
Wc0stQgu,-0.26078142814842664,-0.24774100732806126,-1.1811420706567173,0.5156957202695551,-1.006508021798135
WewoSCUB,-0.5000998992493138,-0.3251060913390962,-1.583530140619116,-0.7837452586875813,0.42365089100633746
WuHuhHWJ,-0.34397121879212733,-0.14294467055710136,0.6495790026870214,-0.6349991491676334,1.0466847838080238
Wv7EBtZb,1.3588809169603095,0.031411464051286586,1.6801731736755006,0.30056499833535355,-0.8036831994166906
WyPlxDn0,-0.3765516579562487,-0.15461536610031779,-0.5186753527855057,-0.48331406895072604,0.5345065776192595
X3WqoSNN,2.6007779335639256,-0.15424878467105607,2.079441081204566,0.9016152771026285,-1.1725687284223287
XDhyP9KB,-0.5378257655295116,-0.32172749696487024,-0.6743914706935197,-0.09559112154448002,-0.5182478548766714
XQxhDRMG,-0.5519002587891251,0.035132472201309994,-1.9475459858281123,-0.2937877598339398,0.8192542967727885
XjLNAwxW,-0.11367914745935792,-0.5490137030702886,-0.27714475334731326,-0.06844107118029541,-1.2588539100842073
XjfVQbXd,0.7287054024880248,0.5208399695928687,1.8720817329899706,-0.5195980461815495,-1.0054410635210562
Xovczbf6,-0.5341555030147234,-0.3036307259173032,-0.5975073709491721,-0.7791767163058054,1.2130121738711122
Y8H4onBf,-0.5913881616208769,-0.6521757600586557,-0.5360081091007327,-0.5776379546169252,0.9833094612632802
Y8YgzSZ9,1.5207383050362964,0.06151409344407277,2.084472505044248,0.4748742572338145,-0.03663341493017391
YC4PNV20,-0.6175142273106999,-0.32431118433136596,-0.25444426858892477,-0.476750477856676,1.2492936083573394
YDHSCRdd,3.4219722493123967,-0.2069115170599094,1.9347922370393622,1.9153182120993009,-0.5278352284484473
YIJ87aME,-0.38205486659555987,0.20801554910018005,-0.4670989833816588,-0.4235172003487193,0.34304214049655535
YKvT4dFv,-0.27505870764819207,-0.16505602847441203,-0.3360893292524292,-0.04969837327535487,-0.20309947118118465
YNebALR2,-0.5714646446506109,-0.3737029731547796,-1.5046010354876511,-0.847395180377525,0.447775902700533
YNrnqFyb,-0.3115191756189475,0.05193168230094436,-0.1155477752204046,-0.22662124744379497,0.2733455082772078
YUZ4lR3m,-0.38332718492367945,-0.14512506776567768,-0.18496854943485452,-0.22345826220378484,0.542206412646129
YYLvjoVC,0.019501351817574175,0.16246468687118742,0.45369377561429935,-0.12368886971892579,0.4139182895916118
Yb8OtMb2,0.18524398791102925,-0.26387985968189476,0.7920842906928716,0.021686198535640244,-0.9650675285037043
Ycg4lTYw,-0.1392775230662906,-0.5341249876675125,-1.2254892300138476,0.5894744691161762,-0.9404699656287168
Yfk6tekH,0.014438087951724299,0.2442814524891741,1.538922137120169,-0.32750818255640723,-0.45894400890653664
YoSfgmR6,-0.53839273521519,-0.2747874109756072,-0.521905306359697,-0.2642940345869462,-0.24422057739035985
YpzFvexy,-0.24280273775477923,-0.13021273797325428,-0.9661814071155117,-0.061817677258709125,-0.36185781347273327
Yxqppfa3,-0.2275280137921314,-0.2888685627350629,0.2693350447912213,0.08652508922632052,-0.9320909535807633
Z16jTUvP,-0.3953638331542848,-0.2772210000440669,-0.9793160084450232,0.3121062564939123,-0.5917705552973249
Z2BdCCbJ,-0.2487770570134913,-0.1099606052467994,0.07350131979866781,-0.48043650757204404,0.7599741061413905
Z2JJMM6V,-0.33648527138232254,-0.3201294204501597,-0.20604305307686666,0.011212694795808886,0.30614070276272365
Z5jE1OB5,-0.2654523996991216,0.020358145764346247,0.385522132044132,-0.08975158515482207,0.062101766457208996
ZFsIqYxA,-0.3853918249599033,-0.04446490844215312,-0.39612222473668446,-0.02979207675337392,0.18209340827445963
ZHDVsoRh,-0.3083664661410026,-0.3557818257978784,-0.5501882093308108,-0.1623094949053936,-0.4950397452092776
ZSmfu2Fc,-0.3267289190245961,-0.32773509136144874,-0.3497779596368513,-0.09404011267547929,-0.8115454406150722
ZU8YXF3H,-0.5706153060493548,-0.3876153304846799,-0.6058971311472146,-0.8178821425710154,1.103266937546442
ZXKaNy6Z,-0.4497365117551695,0.013650829530758912,-1.3970986756271326,-0.40951295400241605,1.3154749932992953
ZbYLo0zK,-0.21960539091671905,0.05511979237040343,-0.08398823134710476,-0.32533895207841823,0.8803407241331396
ZedN8Gcn,-0.5859133152018572,-0.24679412335184914,-0.027865420012387787,-0.5004437204257144,-0.12531188334548382
ZgD4Dau6,-0.21065268762161082,-0.3132169934107356,0.3286006551893639,-0.4129455174650545,-0.8300052800885798
Zgzf79LA,-0.546771912831197,-0.4837640819679496,-1.653139016456846,-0.7216617117667781,0.18351356843880318
ZjqzxDOF,0.12204139967959549,0.4126318542401872,1.4358589257185645,-0.7623697166761119,0.28978049039608855
ZsZ5aDpq,0.02874451820186863,0.05369109708941089,0.7638160092642625,0.889610060969126,-1.2465279176129744
ZtyqE7If,-0.32818283800336445,-0.2641179802250395,0.27890214804348723,-0.13038215598435698,-1.2489617091204028
ZvUgz01f,-0.30232898987035384,-0.2120854350779542,0.3842710548283481,-0.9411475794087707,0.8520245098890253
ZwrhgdQV,0.5025424986404445,0.4826853262673989,1.833640539321566,0.7645560343843911,-0.5800606654164486
a7bhJGBU,2.0483614143447753,-0.18128611342776146,1.9011814484088223,0.5613881861959911,-0.4399441694976023
aHpv6KzP,2.901060318558642,-0.07910685803666873,2.0482093280402456,1.1100845075083683,-0.6523616733201099
aINzEBVN,-0.3226120238689205,-0.6043351017907685,-1.2694804438947198,-0.4336587368774687,-1.4588650411395694
aP9EtTGF,2.2880115497726123,0.031042735696116708,2.3726021960642516,-0.8323354706338293,-1.1642214526935906
aV6EhtSL,-0.5063958330349365,-0.21352705425501206,-0.172525669179306,-0.47168599475224227,-0.12960323457888911
aVZsXKoH,1.7987600939311719,-0.004433517875570558,2.1553509385626217,-0.7129460548882705,-1.147758651285466
aYVnVJvc,0.059297427554859894,-0.057140453071172104,0.4570694820827317,0.7042170538150643,-1.0285273348589445
abCzN1zx,-0.4041274449011567,-0.1551345949520897,-1.556118308301377,0.46079356533204674,-1.1147210917541717
ae7sMiB4,-0.17173242165629432,0.041099712627199025,-0.20353860317889705,-0.20367130254810917,0.24261958680575013
afsVuCGV,-0.4082672418919415,-0.29163651594002893,-0.6070498069134214,0.2644307835112798,-0.7948440858498262
aiwBQETI,-0.03874565857788781,-0.31588819252478295,0.42807062731800904,-0.19420682647096754,-0.8254180298543989
aiyli4EI,1.5291648855016078,1.033863954853457,2.1244281721715357,1.1083909186673466,-0.3834569304552762
apJ7NmzD,1.831268280657035,0.13950197419567978,2.2751895186679736,-0.43607138117447874,-1.0193624310839997
atVjNMtQ,-0.45917747356745764,-0.6486265852964994,-1.5735628474817371,2.3786272439852567,-1.2229621188770299
b5GirVGV,-0.4207543685490478,-0.23979315701048343,0.028334773563544857,-0.5655563519060749,0.469081302378191
b9SpMjNB,-0.22246646552614635,0.13502625420174574,0.05921980764425605,-0.15672994594324763,0.641187833195664
bAFs37yy,-0.36730956811900484,-0.3914044857102841,-0.13487309305717865,-0.7586778992139713,0.9261313866946974
bDia1hHV,-0.4785074258354385,-0.26151164544366345,0.33567065205672186,-0.0004930232463991047,-0.9577009463308688
bFkv5Mtr,-0.3482570510024985,-0.13830190289458422,-0.6123861759719897,0.29180162244956165,-0.36264058344101535
bHe2IXgA,-0.2912187788262841,-0.5091050057127564,-1.9881278947982377,2.6573158396539114,-0.7787959523346846
bWX3vUm5,-0.0007347552529850532,-0.1941095463790976,0.2420265192863713,0.10736131862694975,-0.8823701109730511
bat8tcGs,-0.1379774924164181,-0.3999526127846753,0.21885231449916098,-0.2812837115080171,-1.3757712268696825
bfjej4wu,-0.5181482342252153,-0.3611420417038449,-1.6668005485375783,-0.2600661433451066,-1.4287722603283957
bh04YDiP,-0.2412264104816373,-0.32516855936423106,-0.13531781034406087,0.1709853046414267,-0.647115620790709
c110Fdc8,-0.1637181332609785,-0.15282755794591374,0.08815865806129075,-0.28136601309852693,-0.08475898620860711
c32GUzMa,-0.46555561711122806,0.10151961637153128,-2.208824958443513,-0.07159059488190422,0.9067575353684614
cT6uU0B0,-0.5394636052453521,-0.19620147999934723,-0.9983238624795217,-0.3424705548107383,0.903455341019372
cWXCiFwh,-0.5368982602269412,-0.20274604933560347,-0.6499311766678897,-0.4235281751628506,-0.786536701912036
ceNvS3yd,-0.3745215313422037,-0.1803524508979013,-1.0239453424969565,0.05041354101212647,-0.006152557748345444
cmwdt4Av,1.6758687230510745,-0.026955604104061948,1.7376885505250517,0.3060186005645349,-0.8379386673212768
cn4EHsup,-0.3855853943771095,-0.14686379194621857,-1.7614598300064994,-0.2626154369773346,-0.09376100349151706
crVOGGTT,-0.4757280577116276,0.07011669286826638,0.009605487960941517,-0.45145970969183935,1.4772640266484185
csPEJ1E5,-0.336150158367424,0.033163798412585876,0.7156449202134514,0.12056497849739145,-0.6213501467053621
d0UrRtMk,-0.7036674237844878,-0.29380682248315004,-0.5166531347845034,-0.830725931081524,1.481966488064364
d6LU4G4I,-0.37225619379862707,-0.22309180215428803,-1.460062240330883,0.5569913051542201,-0.17025301799628245
d74T1DVv,-0.4282420272367986,-0.44981241171639574,-0.9977030990216758,1.2731623914904233,-1.3029247013063188
dR6rM1tQ,-0.03007136911876529,-0.5319801869483332,0.31511274274409296,-0.115912475336863,-1.3910260168621509
dUNxOoqg,-0.4936850371952701,-0.4773650557891802,-1.4383696526278822,-0.2594332059098221,-1.0226587259083946
dUnlyhj7,0.4599539116768696,-0.08604060857955353,0.8378490409773054,-0.5456282638794434,0.14275493502021241
dVDlnZQ6,-0.3330459468054201,-0.27346657390093476,-1.2931445199578615,0.2421607645077941,-0.7880456970350398
dVT26GDu,-0.476470764716602,0.017536525201519382,-0.2376726826682738,-0.28043298534969807,1.0737239905294071
de43ycXY,-0.21394476123735018,0.28739995906094684,1.2399186126072141,-0.9952999029754253,0.10686403775719633
dfIn7m9z,-0.3376575101712902,-0.4181611985515179,-0.6298837277140432,-0.17758394421758084,-0.618271149528363
dhmb9ZY9,3.33582680250381,-0.581720919901402,1.9618577499582148,0.8745004161803038,-0.8986482308927126
dn8kCuyf,-0.3021536532698761,0.1288705378500321,-0.4787503199517982,-0.23814405095202318,1.1420517542893602
dpcquvWW,-0.4965235536203423,-0.3165902480651699,-0.2788050175972625,-0.34384188548204264,0.14128205061490995
dqcbIMyr,-0.4605378956223163,-0.2685402872777036,-1.8545253095949032,-0.7056629213694166,-0.036404119283242053
drWgsBf5,-0.332063095376931,0.07193182868637216,-0.09196328003097953,0.4902516301555764,-0.5134092396373209
dytx0HSe,-0.5755670958362558,-0.23073975014462356,-1.078601337083894,-0.7254890879450429,1.0454929071467003
e4KkkIha,2.078847065256717,0.21649086846251286,2.2134660455935933,-0.5932457362153443,-1.1392691971913056
e9YorH4m,-0.4007441051491938,0.17871404387902423,1.4147596224879795,-0.8347729586962984,0.7109992710603645
eB9gVQ0R,-0.7534618189585913,0.24827325162719482,-0.007032318852436603,-0.8736424453344895,2.31972832500208
eMhLFqU6,-0.4688909203098106,-0.1493703459474478,-1.8461387109314114,-0.3552023184682227,0.2838434527631133
eMllg1qm,0.49109819094771723,-0.0002455423529159617,0.9360148111950526,-0.08373127477425868,-0.7118748741148639
eNPunZ9i,-0.46214160119800596,-0.035807925531246454,-2.127079068952737,0.32754353469676545,0.32836619606235296
eS5BSM4J,-0.5992807726454217,-0.15885745121899397,-0.132101441366542,-0.7093152667514957,1.2887015337902366
eVGMFoOI,-0.5300686054308485,0.017395546981658683,1.0056339349335008,-0.7440963295775234,0.7534473351162259
eaIwb3rG,-0.2845217747637676,0.4800878181193706,0.9077476838679264,-0.26163812227041916,1.5378578793835285
eyzw8Vis,-0.5678087547214332,0.06425600807766152,-0.5722864728254375,-0.6583391677282222,1.4527501839521673
f04Ke2bN,-0.24663900316065934,0.028009281084321103,-0.5892253596743853,0.16049426782235088,0.0107761109567317
f4GA0te1,-0.259617401491802,-0.4428205880723386,-0.47632156072039145,-0.5746767765457932,-0.16589602842111084
f7bd91h5,-0.5321607190155433,-0.27103478331641107,0.2909385167781853,-0.6247033657859262,0.9920299785800406
fB7z9ndr,-0.484187847913951,0.1171487401969511,-0.07241917176405188,-0.7615709992564277,1.5503752361083851
fEe7AWFA,-0.31632568015832163,-0.26868593219491466,0.6139432217273839,-0.31105086121527137,-1.1924958391999727
fJJIbgY9,0.5929947177626431,0.5802686377263466,1.880654501349925,-0.7251969254843331,-1.1784420700849925
fQBURMvg,-0.27691035052269086,-0.16091631193934752,0.1755553327943904,-0.40811564539188083,0.7294430649118393
fS0HpOub,-0.4649234200835295,-0.22578038401856482,0.08037248823667831,-0.5239666858660073,0.585191194845839
fTDXauuk,0.23800656759683392,0.09599385311399367,1.7736250909306523,-0.44281333302244974,-0.7533685673523625
favPNA2N,-0.5281027737584978,0.17013360488804885,-1.7236280775127693,0.432562802668663,0.7678092683301028
g3Fv0U4k,-0.25889578891312937,-0.3400575224515183,-1.1935316372696274,0.5507525418939352,-0.2627501627238136
g5PKo2E2,0.4216815063998851,0.01499101944487613,1.1995311903824746,-0.1321301928122054,-1.1621919717589382
gbjnD5fe,-0.39821981324460154,-0.5176700921584985,-0.5361276063781428,-0.6824198069451128,0.29817898854446945
ge9zqXCv,-0.5328152691074379,-0.3288561227456217,-0.07010175810363073,0.493387288001891,-0.8335966665061907
geeqJpSE,-0.37436243630165933,-0.23151308725950237,-0.12353031984501506,-0.6601997648015683,0.7376992696782789
gqy1J2RS,0.3299212829440634,-0.19769676059344654,0.43126724990499277,-0.007051176239478707,-1.5733414980194258
grlUtS3H,-0.14606953674431367,-0.14284226921530951,0.03924409695129505,0.6999427109887577,-0.7191215228220873
gx965KYj,-0.053707237190089074,0.10438687739211439,0.16266096553728637,0.1629864283215241,-0.15615577304822104
h3F08Vjm,-0.31374141314083914,-0.2520830287268314,-0.12947449949795775,-0.6738761156065536,0.8048961128271284
h6FQG8Iy,-0.1823195627004921,0.19215641682772677,0.8764264095202794,-0.7567249390779622,1.6221933327498217
h7ftM8b3,1.8816422501556858,0.17792132098280256,2.443212862897342,-0.5720315435442487,-1.584174967499047
hLrCHXZv,0.1183926029287008,-0.3103218546549602,0.6662277894752311,-0.03341291944143876,-0.657092275720851
hQ6VBuFx,-0.6818051884103866,0.27624546551474616,-0.039509078622797844,-0.6927263989420496,2.174314171502493
hYoR2y7w,-0.4530082047142301,-0.2695916170379338,-0.030319311543719252,-0.044412112762806544,-1.3511225095634192
hf65yZkM,0.2047349944002903,0.011905659048222716,0.6077128198026163,1.2535974713471845,-1.0553969719284115
hjuwe1x4,-0.17145824807833066,-0.36088226359983544,0.33540211336686987,-0.30629107480995543,0.3126281096257397
hyINlsFR,-0.8585119771925989,0.3151394969043917,-0.572925471306446,0.010545309737103992,1.6200130668086157
i0Qlm9Bv,-0.3230238058397177,0.0699215992498079,0.5383976381049411,-0.5386947565158877,0.7378387961863435
i1VxfxMb,-0.4096686258446667,0.08992742125688657,0.29825220843987843,-0.5559281457855647,0.9526009803713631
i2l6jXNP,-0.4126151101020028,-0.2611811013886314,-0.8574164435344596,-0.22379669859008544,-0.17419710281762413
i4FgPZv7,-0.44100610613734403,-0.20892316468793304,0.05501537698502723,-0.9611251236113318,0.9888908103904495
i7XtIkSi,-0.3240408612902925,-0.04911672479296847,-0.44101036591608356,-0.14315694022098313,0.12971929373191493
i9z346Ut,-0.09758238162633148,-0.08409287549160815,-0.49724891199592314,0.8195202653287836,-0.026149769005195722
iDOat4cZ,1.9970502049634646,0.5309623647006969,2.4723757630067826,-0.5332827962394546,-1.2809364199609892
iNv6RoSO,-0.14069360504092998,0.06553962779604028,0.4300117395937537,-0.09044135218953642,-0.07983842917280448
iSL9NYzy,3.020602526595006,-0.3595155191998334,1.9795634675042653,1.7268797711735218,-0.842048064757245
iSqVc1r8,-0.3240044342657953,0.3726581434838021,0.9705103898609355,-0.8857451320924881,0.25610584659546554
iYZMftt6,-0.7568953286265483,-0.2422963775008089,0.3190793114677195,-0.43487229147859097,-0.9236431101661484
ieTPaa3c,-0.2967603699800989,-0.1865457977984466,-0.8313206931456829,0.02913720923772445,-0.16924290380927154
if7BmzU0,-0.38229604081264057,-0.2741766061955264,-0.2965006765520979,-0.6471620985907336,0.7980030864647514
ihNz5bmx,-0.24623311827165395,-0.20433207353575433,-0.4104166606016246,0.13878510708725145,-0.8202658023154701
ikJXKdIN,-0.4451483221498407,-0.3103667334509215,-1.4678626999270659,-0.9885882813021496,0.6198339223002503
iq2kxikN,-0.13872340809960093,-0.3725566873219055,-0.0062172586371911365,-0.17574058227221911,-0.9725726335863047
iuZEDJK7,-0.40333098581616156,-0.2442849696928011,-0.3253294186783773,-0.5583001914990788,0.6309818419914617
iyF8gVT7,-0.6692837323009613,-0.20221975469589104,-0.08387943593741731,-0.8449746409027554,1.5581773949080624
j06qdQ0V,-0.43867368900121306,-0.22929400670013145,-0.05471660255578392,-0.18858385347191842,0.1244987292603863
j7hl8svO,-0.5683961149654593,-0.4644162143250856,-0.06937736731786792,-0.30632476912335704,-0.8964718440064363
j8hMoJUN,-0.2843143342872523,-0.4410855944662604,-1.8694846597013406,-0.7964428475237852,-0.3358649440168566
jNaFasbV,-0.4701261132715686,-0.45196354371013747,-0.9901958691138883,0.290018971492664,-1.3416036618553964
jVVHeYHT,-0.6303920752199943,-0.06347293846751434,0.10376426842369035,-0.6431924328506327,1.0342116616549273
jXm4ySvK,-0.3341193571861609,-0.23294815029852778,-0.1293703790656604,-0.43088768967930235,0.3801397473263304
juO5ii5l,-0.379124737392182,0.04127841662180565,0.36771806983917266,-0.6342134311591323,0.5302743560288317
k2hdEBsU,-0.672596900915984,-0.22994388086421402,-0.5432318828720621,-0.8032657085454318,1.403440385806908
k3ynMfhN,0.3094721418390449,0.10704731471365214,1.0236806207517635,-0.3474547313616583,0.44182602653120817
k9C9yBtr,0.1122756853972291,-0.2207999731036967,0.47989625969195693,0.2875220826258058,-0.8850894870910171
kAKRvcRo,-0.38246997983535636,-0.42118793581916414,-0.8849806740713415,0.23174188554975927,-0.9722178102282388
kBi3R2oC,-0.1324592993189313,-0.14812777366764074,-0.06446603703669318,-0.32610839504371114,0.007306963310048431
kDWmnsXe,-0.06199918415288863,-0.2809586697222972,0.8765638352156362,-0.4606333126413844,0.21176530728110343
kSGBd2Vh,-0.3002853339341769,-0.23804989451140735,-0.16070272606564906,-0.6118251985112053,0.6601554488380597
kT0miHPT,-0.39768294140979066,-0.22808605391050385,-0.0870019221133429,-0.33460390140833596,-0.06095928553701846
kaW0TfRn,-0.5005317950128543,-0.5633312530263925,-0.5645498404123668,-0.6229738041326343,-0.15153061323041506
kmg3SowO,-0.27731775846607576,-0.036248979409849724,-1.2458839833729893,0.6903457934028623,-0.41567913567348036
kpxKSlnF,1.9605941251236558,0.14303695254589677,1.9109398922733067,0.2779823423471228,0.2761454087623232
ku2cn1MV,0.41417614420222293,0.35373601725392056,1.8319056786708803,-0.1926102075786318,0.5545157087882497
l1su5HU9,-0.4330546615621884,-0.022937893518376384,-0.2929140045020926,-0.29770510265887395,0.6882560758450662
l8Tg2RvD,-0.5680989325503347,0.17537334241920455,0.6241382082748874,-0.6612664964487109,1.0875646453342878
lB6NsVOc,-0.29273495011805295,-0.27621332362663686,-0.12632472218363766,-0.53490270341279,0.7184804592208192
lEcdVyKk,-0.5087487267967177,-0.23044960176607,-0.4670484938619506,-0.49393301276045776,0.5711631503392081
lH4TasGl,-0.050748837608104225,0.08583669495952329,1.3041228854249471,-0.5984418931056368,-0.47136736382605626
lO9aggHW,-0.025319380558563864,0.03812165384975508,0.048133562373111616,0.5487060730856186,-0.1422487180233194
lW3m9Vzu,-0.4862657924834153,-0.09861194418603425,-0.460386364981316,-0.12743502071594293,0.13639041380804962
lYLseGDP,0.21004261486157105,0.2520312697377971,0.7518701008662152,-0.2885214422231499,0.274419249131034
lcOnCdZi,-0.1886648365627721,0.238480924683115,0.9832046495698865,-0.7021648683664168,-0.254403860550946
le9YGwON,-0.14495025384642446,0.14258942662477914,0.5021135342244794,-0.19476648842856292,0.3846776992642216
llMvu3TX,2.020136835312563,0.015287776626662364,2.3004008708280868,-1.1753778470219274,-0.5338480655999494
lnHh2jFO,-0.3480787314676732,0.23783528744739435,1.3992263222130692,-0.9175563582987749,0.3886244667002128
m07CVXd4,-0.5345203078697764,-0.21745309465599583,0.4010050055162697,-1.0167527464143902,1.6938315583203174
m1lPk91z,-0.45668321002015233,-0.1942626046876672,0.5994121457529378,-0.6939117130808015,1.176954048874114
m9IQdmwa,-0.4204337092034862,-0.1596809757976576,0.07647559946009785,-0.54491408002621,0.6048151807509665
mG9BRy5x,-0.4543811678551961,-0.006328263758534902,-0.46400616346043755,-0.05492776867350102,0.2013232020318636
mVHXnama,-0.3752701626856165,-0.6404449196180781,-1.184430505020357,-0.41767059208967083,-1.2173722705909942
mXyrR6nU,-0.4917022121019059,0.04245210664690369,-0.9158310064581041,-0.37849706543732253,1.455293768934217
mbzNdxNc,-0.2449785530518298,-0.06950604600219101,-0.16551435234985767,0.3348451165867985,-0.5115522534023231
mntH7g3L,-0.3729426606352959,0.3700497069365678,0.9412726618916327,-1.0336715791299227,0.5642102139237348
msRTXP3H,-0.23088236924125027,-0.14293954716790047,0.09108345486085234,-0.3000060246529799,0.20166621981036847
mxBjvIPR,-0.5127890788228129,-0.16959399296878708,-0.2291511512289457,-0.4489869191746081,0.49192300841526126
n8Opmfbz,1.8860289527244944,0.4726180274973171,2.4900844850740373,-0.5055597505283274,-0.014424847703475407
nOkgU29Q,-0.5029642035853854,-0.3748465884983876,-1.7797978049097605,-0.18391907448420142,-1.4035033460248716
nhttf7VM,-0.05100022093140666,0.08444950705584908,0.7443696450877884,-0.08739435823854791,0.32674366657841425
njLbXYa3,-0.4253003136675275,-0.31349292790413763,-0.04311525599267263,-0.5758172887145108,-0.3124874560315849
nwkIpzmh,0.5031849811637343,0.10889493917953352,1.4642091068667629,-0.2370366005365483,0.325489477573802
nzB1R9Zg,-0.2835544007077502,0.1405778491879186,1.3341465649587168,-0.7657451601410727,0.3200060900409252
o1rZRI84,-0.5165214533919666,-0.08559580139275802,-0.5499451851851358,-0.49337137216883065,-0.3087651400136284
o7q5Mbty,-0.29512727672338457,-0.1483851423673901,0.42293560530335306,-0.08936653331448241,-1.233813275567508
oCBvysqB,-0.5743249647505095,-0.29870821702765404,-0.643692121019269,-0.4851508952163428,-0.5761358018597722
oDmycTPH,-0.47599429480008126,-0.3422542834033653,-1.0744354745934128,-0.9640113650696591,0.8682102852682245
oFAXZvQv,-0.49796055362842395,-0.11865363262053741,-0.2828078232182474,-0.11502478723041776,-0.4975150409671816
oHE3M1zX,-0.18245712078462617,0.1424872559053778,-0.23547525965157767,1.0816328690645562,-0.372908427189822
oMhVmSpV,-0.4818003451721111,-0.2245170758652808,-0.3035089370991795,-0.28990849184281586,-1.1427964659968612
oNsDqVbi,0.23729527245429693,0.5416918480403705,1.681181835028399,-0.6171771710220852,-0.7740321359532292
oYAJqQk8,-0.39489889812760026,-0.7274407070600706,-0.43927480748287273,-0.7460689822078663,0.25659869603362573
ob5Kb6dW,-0.45878309936708916,-0.22487252773147937,-0.7038068838851199,-0.5107272416716384,0.7700779915531992
obnzqs79,-0.4650736614259827,-0.576425219655123,-1.1461727560549502,-0.5548878698615951,0.028956187584418203
oncLcgRP,-0.27382151656204456,-0.26290008406262366,-0.47466216473411116,-0.016459181552072266,-0.3953212389122829
ooWVYaAe,-0.4040589821081326,-0.3175213067589926,-1.5476827329025422,0.9133833795213562,-1.0786944909549394
osdyOUnV,-0.44607056234620046,-0.1451916875231678,-2.0906712332039046,0.18753194212042246,-0.016564903141324194
p7H9CzCv,-0.5323470814066482,-0.5219356551061924,-2.450432535488728,-0.1774071817393903,-0.88863235667929
p7U9hVhY,-0.3218402602953816,-0.10257098403975995,-0.4528137380643624,-0.22140224296816058,0.03746981593679344
pE6Cf1RV,-0.4237740665059633,0.010425116237327003,0.13215414712932905,-0.6841164090582694,0.9106692686156119
pI7qzotI,-0.2964244953484254,-0.06925716122181491,-0.2927752269865618,0.241686113378087,-0.6368539056028286
pJrIA4sk,-0.3853121190606785,-0.26987063253194954,-0.09465665347714314,-0.51822126745963,-0.165904235468469
pXne2CLZ,-0.6147042881668554,-0.5347120838579418,-1.2453941518510714,1.173979304910013,-1.5688743899835291
pZMcDIOS,-0.4438854808633792,-0.18014905993563168,-0.21824976733704027,-0.6090153664395572,0.6992080261217151
pavfp3cc,0.3079908715124233,-0.27688944482555833,0.5219094025119535,0.19632537812851325,-0.6303195024710195
pbQdC5L3,-0.569177439876718,-0.5878361240103391,-0.3972822769251092,-0.6721197493714541,0.7003068557816103
pgj7aAFP,-0.39799029899061367,-0.40350576044888165,-0.08961372274323587,-0.1884987415610837,0.1498953006731707
pxg8G3ed,-0.9246626113256085,0.10831758798108915,-0.48332284763863065,-0.5967898004618561,1.7473836945620231
q36Npk6l,-0.5354605600871096,-0.3376132883569358,-1.1388274139267036,-1.023884019404072,1.0619669676535803
q4aDOVvq,0.5162685108396303,-0.027336806410078296,0.6660267798902328,0.6037741539974562,-1.621223042810806
qGmfR9CN,-0.40564692181599327,-0.30233258122474815,-1.034032824087701,0.2590422173878508,-0.8581631169753283
qJ51ODpA,-0.30768976265265024,-0.06812782920327898,-1.2369110182157623,0.7465395894250335,-0.19280629946012517
qQX3cs3I,-0.4884746909303672,-0.18856019081626307,0.3763753411763151,-0.8095345417321411,0.41950861501857695
qXeIxPb8,-0.3137912222721084,-0.003868735157213976,-0.302915132635901,-0.29097386017820526,0.6815416257987916
qYQ4MShM,0.07528375832023215,-0.21535263565069052,0.03629484845943587,0.6122534979837795,-0.9858697272528563
qa0etnhK,-0.12042331939685624,-0.47022773686161834,0.3260813490937995,0.08290780131910225,-0.745265042802993
qbL4sboq,-0.8450347287627906,-0.3814371569188939,-0.9044801621407554,-0.6096263028518294,0.6156338987685839
qbYrsWHq,0.5381110209180164,0.39375930250376534,2.0053608005814727,-0.16403046348118977,0.01979468046841326
r1zmcUqQ,0.4695186641218001,-0.10125607179374363,0.9315377543439514,-0.6428037789691459,-1.073924882074488
r54iHeQC,-0.22707132522030093,-0.10306273239815944,-0.15029460330559452,-0.5055583367919141,0.5776501800311333
r6xrAnQV,3.249453909065572,0.223552763112691,2.3013919939635503,-0.5913051023560953,0.30178147408617484
r9HxnQDg,-0.3128574541008007,0.042742654923001666,0.6736867810991658,-0.19987001047064012,0.8673083162622159
rG8Puuf9,0.8146062270677916,0.23456982865341836,1.3828958057743126,0.423425231570441,-0.7594387911875575
rGuiefuR,-0.2140198878571269,-0.32255710233597945,-0.5138703681318315,0.06548522120721856,-1.3905958254971384
rJ19OhGP,-0.4693084193643031,-0.07554442737832012,-0.36408057924061943,-0.5830166225105629,1.1010294374365284
rOCYepHd,0.005156547291129243,0.0065013209076436596,0.9595427919062036,-0.6123738043484579,0.30429724774069733
rQJaOPFI,0.20158440821594326,-0.06902136547263815,1.1266208389074723,-0.3937838308746038,0.32960503113929995
rQhZtZeh,-0.23911271405379608,-0.011550844374271563,0.33732552107314184,-0.7924349581980366,1.1581021955672721
rapmok0w,-0.39351043060126045,-0.2669532767996703,-2.062894228233274,0.13297453383865587,-0.011696708267544764
rgzfnPVu,-0.41192725173571176,-0.08317418236960528,0.7806995724581771,-0.658030898895781,0.7315752855166746
ri4qhb1S,-0.3704185629187364,-0.06784907501618598,-0.8643229327194444,-0.4038732973025887,1.1446594606069365
rqpFYzff,-0.6185807243561854,-0.17803399692469846,-0.17208149664337036,-0.3265332369908762,0.29582011804371255
rrs22coX,-0.2417268193177975,0.0013703702078213809,-0.11570844635796895,-0.3821849343402661,0.9507247939319594
sEeUCQLc,-0.5386460551628502,-0.1163113995318259,-0.876727899060354,-0.38758578095319507,0.45928617355378343
sHScwqQl,-0.5459508979012995,-0.18052399747115722,-0.08413110620902664,-1.0947811761609998,1.8916470438681525
sNC7DiAt,-0.672435329700626,-0.41427963728178163,-0.2652522912362496,-0.5814712335667807,1.2852737369731866
sNK2TSs3,-0.3178946511854761,0.08172912502400997,0.1318865048065323,-0.48885703476360476,0.784931195842665
sO7Su6uw,-0.5217500457940574,-0.4717500418229452,-2.5162471009320893,-0.6025852176472242,-0.0022563194532896347
sOWZx89o,-0.5145919405087866,-0.34021677087379665,-1.3553400433197407,-0.6230462722239096,0.678479079421896
sPbRcPjC,-0.06352892713514535,-0.0061880916383803,0.5997368577696012,0.22124667767725015,-1.1909662787537574
scVUfTKI,0.09627123038423946,0.36461380314709224,0.02720052646101756,2.009376719404095,-1.5479480702568882
seRaGeVv,-0.44058382989371836,0.11936680474160077,-0.16978882603915046,-0.22886175741898995,1.1640569812435668
sgtwiYWi,-0.3328427808375878,-0.255006795734646,-1.2952756303134105,-0.17497239883783067,-0.6550891608447902
sjmLHcT6,-0.49246478698089646,-0.3973254248486615,-0.6485214152621506,-0.5652277194465611,0.34459347370932925
skZUZZGS,-0.4288932175274809,-0.4630592263639688,-0.015410079619398331,-0.3912635788849954,0.4817355523711111
suAmzADX,-0.5675402037388508,-0.4148607600110541,-1.5179119920489779,1.8939409374456275,-0.8247026981033461
t4GWLqlO,0.47614329927343846,-0.10089977182919263,0.7214412381722628,-0.26919193325357327,0.20544451698618182
t7gy6Jyy,0.35550225063595775,-0.03955828497068303,1.3686317301794748,-1.024249397576959,0.5321726550438424
tBadzH60,1.9033586207804305,0.14450246542570078,2.313267437524262,-0.601528308514439,-0.8400125866872887
tXUWm0hp,-0.14692985419262783,-0.1857504501860081,-0.10556151578974315,0.66486965080896,-0.7141056971112167
te6UPPxf,-0.5571444327572195,-0.4456479220499592,-0.6110000329613126,-0.40901678867663094,-1.076178733087426
ti2lamkL,0.039543335593201334,0.07511638359561168,0.8229572256509687,-0.31668440399760556,0.25110916927690674
tr0lpwuU,-0.41718303034961224,-0.29956408332340523,-1.3688223814137768,2.699138451484778,-0.8407567850380193
ttdB5C73,-0.3457447872662911,0.06832291301348725,-0.14980791977403207,-0.06563534826971562,0.9743156051564537
twS8YZu9,-0.4409830698288957,-0.20244517974437493,-0.8039740488661504,-0.821624661517653,0.1888664505978621
tx68W34H,-0.46782786478636496,-0.3136977406303618,-1.10503545078471,0.8736299454688563,-1.2506622625886568
tyQSX4mY,-0.3876448687717371,-0.2088105210333584,0.2993887950392651,-0.6365438893959023,0.7877337337532762
tylKCRc0,-0.4157556559950777,-0.05461532843777839,0.1898757415288106,-0.32206173266848026,0.3133964578202093
u1544WUo,-0.44087995525499224,0.040115284078508395,-1.2691458004378386,-0.44269093363919154,1.1716399471180292
uAw9an0d,0.2984186931223789,0.09237035384817993,0.5958750187778765,-0.25515666533663506,-0.025875506052097208
uLZAEXMG,2.0813020164548774,0.23448760427514337,2.385330840098975,-0.3594753973740623,-1.2729116776762286
uMwe1s7I,-0.6204122043493285,-0.43094863101409153,-0.8888795090847292,0.599444378807398,-0.9484697484812106
ufhGeV3q,-0.5855997659948358,-0.22743029347670252,-0.2600989404458982,-0.5172323192247674,0.4759118361354293
uhAeGBHo,-0.6114035982329611,-0.5579078449919894,-2.6908538408065237,-0.38802943796525113,-0.9801237028813095
ujHNlqpw,1.0185846578322284,0.6786342609756115,1.8070409488696146,-0.33060504744383223,-1.1548788295084425
ulV6kuhB,-0.2161976323516015,-0.03360995113520637,0.12276276680087683,-0.5166032452439637,0.6132236727490916
uohEnNEK,-0.4309925786394402,-0.3346361811183147,-1.0903724764707317,0.6969129343397711,-0.7977517629868718
v1lhA8I4,-0.17852709380915854,-0.25692398242985526,1.0171315951825068,-0.763083850815228,1.246202203289732
v3JzigLI,-0.620801838922695,-0.7154300123403505,-0.6882196203209627,-0.8064084841479868,1.1389736474585614
v5IwjyIg,-0.3921815201422092,0.03341674133103645,-0.18395590892258262,-0.39533483108589706,-0.6197662434632267
v6lp5TK1,-0.4970597791663991,-0.18370651202907773,0.5143220142431506,-0.7836139299959584,1.3198056620759697
v8vOaaWq,-0.3331864488247689,-0.1508695252051826,-1.1832053816001302,0.3750364571711273,0.02742083665464712
vAYKtoil,-0.691646326157958,0.045700346406972514,-0.3232430714929091,-0.5903367811238738,-0.8083087728817819
vGTNQa6G,2.458198833789332,0.1272592870935636,1.9377533801957885,0.6059504171764232,0.03956251995362514
vQzNxHoL,-0.5687546812716633,-0.4012293524266557,-0.8920597574401494,-0.5989512100944054,-0.8891199023136043
vfZGBUJm,-0.3712602285079143,-0.09718030622947715,0.2619664859717137,-0.15712945886007645,-0.2994723787786544
vlooVUoT,-0.3580071070884756,-0.18889455317561676,-1.9177885808407904,0.39871819143929343,-1.2066526972474723
vrACvd4O,-0.42286193436323316,-0.23273830055781453,0.44157530965959957,-0.46701356998465116,-0.5171331861100672
w8hdjLwb,-0.4349181034533345,0.14345319437948767,0.1646015450201208,-0.3708011203154271,1.3529944387347594
wAntv4gH,-0.18494128728818993,0.29830134908648454,1.6691837182038558,-0.6230329543941977,0.6052994217708427
wIUL09q0,-0.42621429872290406,-0.3878838569982168,-1.2935082958797306,-0.8113125511807127,0.4042224605337932
wOzx7Fgz,-0.4837803697448422,-0.3651168881480249,0.1675029253451772,-0.589858500299492,0.09301851175508169
wPhjhCJQ,-0.3877739429519593,-0.08819529305960039,-0.2549389826622086,-0.5293596502901252,0.8917161978289467
wQSWWmYB,-0.42985425919889764,0.003300347017882288,-0.6717733344980683,-0.3483279116987248,1.1406731965245225
wdIMrXwy,1.7683886998309148,0.13660817252262625,2.3161596884433653,-0.9643238664607949,-0.603638476272744
wiL9npQc,-0.41058567309048755,-0.29455070676353223,-1.0415387104589922,-0.6488352600436471,0.4470237402139272
wnU95Cxn,2.2895444231351334,0.15061517772833888,2.735819467875915,-0.5500195067935962,-1.6337206093274919
wpJbbjJs,0.004124217043475653,0.059631452502669546,0.781110223156718,-0.18010445350756044,0.1669991371137538
wsOWTAbI,0.8179886805080727,0.5330538087545005,2.0413783472590854,0.9336412579655828,-0.6190439176997362
wtdBcU3U,-0.3307184520983597,-0.37579151998956384,-0.06538547673197392,-0.7630350332518034,0.48485260569316857
wuKXVxOc,-0.5166058054885312,-0.13425783901597477,-1.769936797353223,-0.8274056479712542,0.811606533824607
wyzadAt8,-0.5326656154922844,-0.36149755585224064,-0.7807619160689523,-0.8398760822546407,1.0137961300380365
wzaKzYwi,0.137174940225826,-0.43929986013439937,1.2065084171167815,-0.7458949741327885,0.8234485661461175
x6GCk4EV,-0.2639982102830132,-0.23680926924329704,-0.08445085469109692,-0.4789623331511663,0.4795393031446391
x6lUi3vf,0.07478019863335561,-0.1589177149472949,0.5279406661370718,0.3326483427649194,-1.2830496875748114
x8mwDHv9,-0.3774412870982147,-0.19904687488282669,0.14694667942377926,-0.2587635947758642,0.02258640243520027
xIYm6puH,0.4244132242427199,0.12735856820277824,-0.0703431186634429,0.5128728188767084,-1.3155311124036135
xO6UdpsK,0.4029889465807841,-0.25311434128174604,0.03330141728794622,-0.28661983456157003,-1.5592127891458123
xQ2bkOvj,-0.6118777987059971,-0.5385396249495376,-1.1355284283986133,0.2949689589493758,-1.5386901775044581
xeXyDCEQ,2.771898000292616,-0.18761135913531923,2.0354724296262408,1.0010129069272082,-0.8534371325030126
xrggHziO,-0.2800507264939611,-0.24889056751284677,-0.014163204627477555,-0.40884490128035367,0.3037132866912824
y1WMCmqQ,-0.3438648417424943,-0.3314657831162027,-0.43487032644450885,-0.39625349402540877,0.3086607231736078
yDngezhM,-0.2267241190131486,-0.446949741346673,-1.053705258935663,-0.7566768944984048,-0.36535536078815234
yLiFjMD0,-0.5059200073776324,-0.04172019306874297,0.012106712930760821,-0.5249405872114536,1.4413163174296013
ySwEBO7w,-0.4916615072836308,-0.3098752738570898,-0.5528270220806757,-0.05423596246560436,-1.0931192919987271
ydC9UsSm,-0.39691122782208055,-0.051022024912656505,-1.6791187475832725,0.9421122802020321,-0.05546906773531113
ydEG4VBd,-0.40979940721283725,0.05087810889913946,-1.111531269007612,-0.1563049551788751,1.1949639940604637
yf76yWXc,-0.3459951606703058,0.5495905688147626,0.8847530384641846,-0.85076634162197,0.1576547883806878
yg70e63n,-0.3231242004796755,-0.12628268062884906,-0.5816419231091299,-0.17260847278480895,0.09362137551864258
ywxtlSKv,-0.5158346403970668,-0.2227497486857306,-0.917521049172576,-0.5096797016782872,0.04402130903975454
yzKPQPOR,-0.6515577648762942,-0.44944801239593524,-0.7583194368257704,-0.05903740798685675,-1.1786253518665664
z5cnOnZ1,-0.4086097470246628,-0.3757155395016003,-0.03957224486883426,-0.503108240547526,-0.5036093224888365
zFLkOE0e,0.2536535488905187,-0.19664805850710998,0.7082443831855176,0.4343831762734638,-0.9857424217578856
zGi72mxL,-0.6524952632891896,-0.37480343146502726,0.13107710787837057,-0.29228146824782897,-1.073541417040241
zN925UV3,-0.48684813907787117,-0.30005126793379766,-1.4772285267977008,0.10657933243289364,-1.1413990308782278
zTy2ih7e,-0.4527599981276822,-0.1945658637124712,-1.6011105594302375,-0.8860487040300811,0.8511722363665566
zVFzAutw,-0.4149063313090906,-0.00518619539265508,-0.3370687702722375,-0.34095778782630504,1.0540933194816997
zYxNAkht,-0.5473484313390387,-0.32132360967092843,-1.0734226440949737,-0.6820194687547243,0.6575085164396395
zaWDBai3,-0.7190527900731709,0.07552655230197836,-0.43023485975980513,-0.22712191347050492,1.6677852478834492
zg3u0Zsx,-0.2564539853658303,0.1074060213612551,-0.14223365933001553,0.06190004915635683,0.2784835529738583
zlwLfdsS,-0.4687618010659449,-0.3005223436540678,-0.7756026193751335,1.2247650041470663,-0.8888812106914603
zmbKzVfl,-0.5079028078136858,-0.4035130122102988,-2.2729605064855445,-0.36864246422367586,0.14013567911309188
