PIDN,Ca,P,pH,SOC,Sand
09gt9UK5,-0.68715,-0.1626,-1.1228,-0.66236,1.2333
0BVvxJ6a,0.35716,0.33676,0.85752,0.28226,-0.85812
0KbdgApg,-0.079532,-0.066815,-0.1214,0.098646,-0.95524
0MnuuduB,-0.31931,0.29023,-0.34092,0.76573,-0.75582
0PcIsF9z,-0.099627,-0.4839,-0.94289,0.016391,-0.28014
0ShTFLYJ,-0.43818,-0.53377,-0.68014,-0.95122,0.14337
0XZh9jka,-0.52793,-0.083659,-0.66735,0.65827,-1.0049
0Y7Wegri,-0.21271,0.41953,0.67114,-0.13636,0.54848
0dTqplIM,-0.029415,-0.1591,0.34962,0.18452,-1.0034
0lNiZicC,-0.30742,0.18724,-0.57931,-0.47613,-0.19155
0rGeJ0QN,-0.34908,0.11067,-0.27423,0.19885,0.010415
0sXI9ytQ,-0.43652,-0.037224,-0.50808,-0.70587,1.6471
0ukt4aP6,0.58314,0.17496,1.3049,-0.59512,-0.17648
1AGspb8f,-0.36834,-0.91659,-1.3948,0.36946,-0.94297
1Csy0gvE,-0.43464,-0.19428,-0.37748,-0.60342,0.48668
1Ic2hly1,-0.29572,0.41073,0.0077821,-0.083172,0.27015
1PPbaTwt,-0.32666,-0.11938,-0.36429,-0.72662,0.7579
1SO5VJNy,-0.33838,0.0091252,0.15493,-0.57858,0.71721
1arHxK3Y,1.0222,0.6595,1.3496,0.42983,-0.62374
1fCW4Bba,-0.30118,0.036471,0.1891,-0.505,0.5052
1qDZNvIm,-0.48988,-0.13679,-0.33048,-0.76653,1.3622
28LYJC2V,-0.45877,-0.33632,-0.9547,0.66178,-0.37168
2CzACvQq,0.43282,0.72105,1.5334,-0.42451,-0.38856
2FT3crfv,-0.41024,-0.20423,-0.12378,0.092707,-0.7049
2Fy2uHVg,-0.56642,-0.0059443,-0.39678,-0.60824,-0.44537
2MkMEApm,-0.43026,0.23992,0.16233,-0.53194,0.73672
2NDGWEOe,0.58516,1.2193,1.7678,-0.56439,-0.6568
2NyyCiqn,-0.43945,0.002176,-0.12363,-0.51854,0.67572
2QRzIb84,0.47765,1.0199,2.1668,-0.36888,0.20396
2QcbdrUZ,-0.36569,-0.28318,0.037952,-0.40757,0.5345
2YgAimWK,-0.34297,0.27147,0.45223,-0.54989,0.80557
2cx85d9H,0.27622,-0.31532,-0.026975,0.18277,-1.1357
2homMXMV,-0.29682,0.0019333,-0.75285,0.091205,0.32472
2ldLrUtq,-0.35216,-0.35207,-0.1211,-0.3915,-0.30531
2nsACW6G,-0.058582,-0.20906,-0.64456,1.0474,-0.98892
2yMbVnWc,-0.04773,0.32101,-1.0106,1.5538,0.29888
36r8sgGQ,-0.35957,-0.29957,-0.20686,-0.78009,0.65028
3NXAXCl3,-0.34985,-0.80219,-0.8284,0.36925,-1.058
3QG0z6fl,-0.55092,-0.046673,-0.67718,-0.43159,0.23004
3WS8R9qm,-0.2486,-0.27603,-0.63695,1.789,-1.1903
3fRLm8f5,-0.27901,-0.53683,-0.83471,0.055863,0.34443
3mZhp1nQ,-0.52011,-0.30358,-0.42844,-0.52974,0.52335
3pikJXRL,-0.39782,-0.24963,-0.68193,0.35028,-1.0188
3pxOEGHL,-0.46557,-0.38326,-0.57854,-0.75757,0.70549
3ttdV3f5,-0.43149,-0.06389,-0.24877,-0.37129,-0.46834
3v4X6Mfe,0.64056,0.2947,1.4347,-0.67352,-0.018424
3wORuPiv,-0.62911,-0.37229,-0.57465,-0.44369,-0.6817
43EfrxZj,0.040764,0.14905,0.075763,0.53535,-0.6689
457Vwm21,0.075386,0.35449,0.60282,0.34456,-0.25445
46KNnOdx,-0.36164,0.52815,-1.2626,-0.089396,-0.048368
47TwNsVC,-0.43294,-0.7188,-1.0189,0.98756,-1.1169
49856RpO,-0.37003,-0.598,-0.92112,-0.53687,-0.7759
4Ane1o2N,-0.4277,-0.70745,-0.43258,-0.44652,-0.12054
4AyVUgSc,-0.34796,-0.26685,-0.71562,-0.64399,-0.30363
4B1951On,-0.19854,0.088216,0.0096522,-0.34739,0.10649
4OL39Teo,-0.029444,0.72308,0.10236,0.57876,-0.44458
4eQ90eLY,-0.27642,0.12863,0.059902,0.42336,-0.33886
4o5jwMj8,-0.2279,-0.29464,-0.47062,-0.66368,0.21235
4vPgpl2c,-0.4952,-0.5042,-0.31979,-0.63361,0.73088
51r9aA0d,-0.30434,-0.29766,-0.50697,-0.81198,-0.27921
58SmeRoP,0.20667,0.27809,0.080577,-0.0079499,-0.38507
5HJp1AXn,-0.39991,-0.21534,-0.59412,0.82554,-0.27692
5MBZW7fx,-0.17293,0.2846,1.0872,-0.59333,-0.16497
5Nq3gHaP,0.31897,1.4356,0.38115,1.0914,-0.39186
5RmwFFK3,0.68538,0.65168,0.34171,0.18091,-1.2864
5Tu5Jbov,-0.63675,0.18912,-0.54014,-0.21111,-0.40494
5YEolkev,-0.41132,-0.45732,0.02594,-0.57304,-0.40447
5a8sf6QV,-0.062482,-0.069474,0.33863,0.02579,-0.80159
5eSvmqYm,-0.48312,-0.21408,-0.21499,-0.58989,-0.27436
5hkN8fiv,-0.24459,-0.54541,-1.0551,0.7875,-1.0085
5oK8Gti5,-0.67629,-0.2941,-0.47867,-0.62873,1.4126
5paniGaU,-0.57766,-0.055776,-0.99089,-0.76829,1.5329
5vsr7ZUP,0.66307,-0.097735,1.0536,-0.23221,-0.76361
60B4xMWI,-0.43184,0.74964,1.2403,-0.9094,0.77791
64jOUtKy,0.30141,1.3603,0.22105,1.7088,-0.91492
6AJo4xNG,-0.18151,0.39233,0.060526,0.1586,0.1193
6CAvhEte,-0.37685,-0.061332,-0.53821,-0.49597,0.57408
6CuGYjT5,2.5225,-0.27926,1.9766,0.66631,-1.4267
6DGH8ujZ,-0.37226,-0.23765,-1.119,0.10758,-0.57614
6PzsGdVm,-0.33307,-0.4008,-0.75665,0.40931,-0.67531
6UcSJMbq,-0.030236,0.27292,0.93664,-1.0636,0.25538
6WJbkH8U,1.0885,-0.27399,1.5605,-0.31451,-1.0246
6eUWsVzw,0.25193,-0.0053328,0.9471,-0.13301,-0.72553
6gNyO7Do,0.20662,-0.099377,0.11048,0.33613,-0.99287
6jT0AyHe,0.0093385,-0.39541,0.41168,0.1796,-1.0327
6nBgCvWu,-0.41216,-0.19279,-0.079057,-0.51109,0.90355
6ro5mqg6,-0.34943,-0.51475,-0.24775,-0.56082,0.42063
6sGqObX4,-0.6598,-0.12053,-0.61062,-0.30363,-0.62741
6uEGy0n4,1.6638,-0.067604,1.9163,-0.23811,-1.096
7BZ4LxP8,0.012337,-0.4055,0.31321,-0.26295,-0.64905
7CmigXKi,-0.37882,-0.043711,-0.75578,-0.64647,0.29602
7Ga0LpfR,0.81231,1.6571,0.049081,2.0517,-1.0068
7PQsFvsG,-0.26246,-0.51145,-1.36,1.1321,-0.73586
7aF7nnwn,-0.40719,-0.37102,-0.88258,-0.75609,0.59032
7asGzfX9,-0.26188,-0.21107,-0.0071681,-0.33981,-0.061028
7cg7C92o,-0.072791,1.5304,0.42196,0.62765,0.24459
7eOxTpsB,-0.42293,0.23217,0.47991,-0.74601,1.1495
7ey0v7ma,-0.30129,-0.77192,-0.6111,0.18735,-1.1486
7gocyrYl,-0.25829,-0.11306,-0.38281,0.88492,-0.17275
7gqR3GoA,-0.51027,-0.55815,-0.66,-0.44887,-0.66421
7og7aUXB,-0.41475,-0.087735,0.24798,-0.25611,-0.26307
7onRfa8F,0.033379,0.045533,0.18746,-0.36882,0.6294
7umkNuxM,-0.20173,-0.53322,-0.15453,0.29562,-0.55644
7vPr9ExD,-0.020545,0.089378,0.17181,0.075168,-0.83885
7zNjpCzu,-0.46855,-0.13307,-0.2779,-0.18964,-0.74336
7ztsQNj3,-0.59972,0.13066,-0.46831,-0.20309,-0.45656
86gppwMI,-0.56615,0.1169,-0.67537,-0.41672,0.91251
88thAGdL,-0.37714,0.14869,-0.31938,-0.31026,-0.18259
8GhU8STP,1.2974,0.50536,1.3252,0.34758,-1.1489
8NlzDcWe,-0.28336,-0.33129,-0.93161,-0.54155,-0.17168
8QAejdLW,-0.10024,-0.040697,-0.21603,0.11325,-1.029
8RDeFxWM,-0.40689,-0.13025,-0.19726,-0.68926,1.1855
8UXP2NBS,-0.37038,-0.32037,-0.2911,-0.44831,0.45516
8ZoV3KGT,-0.2874,-0.10493,0.1062,-0.33501,-0.43732
8ajs2uG8,-0.44802,-0.14063,-0.87338,-0.26689,-0.44034
8bXnz62p,-0.27162,0.65507,0.41064,0.14505,0.81632
8nO1O1LG,2.0919,0.56427,1.3503,1.5107,-0.98121
8xE1p8g8,-0.56331,0.067835,-0.46584,-0.50436,-0.17819
8yMDVMRM,-0.45142,-0.34966,-1.2771,-0.58296,-0.66997
98R5VaPi,0.52163,0.12158,2.0907,-0.84955,0.79728
9DcTz2Ua,2.6574,-0.094532,2.1464,0.89538,-1.0951
9G7nfUrK,-0.30682,-0.60096,-0.24514,-0.70781,0.43973
9O6GZ1HT,-0.064389,0.62885,1.064,-0.78387,-0.51302
9S7fCoAM,-0.39293,-0.23186,0.021692,-0.41392,0.59044
9iQwmFJR,-0.4007,-0.27614,-0.08428,-0.68522,0.37933
A3Mt6SAQ,1.0952,-0.18395,2.3903,-0.99174,0.5399
AJIsQIcV,-0.46649,0.14081,-0.537,-0.44909,0.5552
AMHKXMh8,1.7838,0.37865,1.7711,-0.024036,-0.99452
ASwA2J4E,-0.30715,0.027817,0.20191,-0.50072,0.6639
AaFvEoHq,-0.41373,-0.0088967,0.47595,-1.1029,1.0586
AiIPD6hX,-0.43967,-0.16481,-0.39093,0.36668,-0.37434
AsIURvJS,-0.61241,-0.12402,-0.67651,0.68263,-0.64388
AsvgbJ0C,-0.066586,-0.3711,-0.61921,0.66608,-0.29702
AxEhbkCM,-0.40315,0.7299,-0.50487,-0.55532,-0.55314
B7VPkIpx,-0.63269,0.21775,0.69792,-0.75076,0.80869
BBwHqHiH,-0.12135,-0.15301,-0.010462,-0.020397,-0.91485
BMyps8hr,-0.25324,-0.33203,-0.27153,-0.20121,-0.50619
BUHS4dQw,0.41103,0.3559,0.022233,3.225,-0.86718
BZB3EYWQ,-0.3493,-0.0586,0.044267,-0.47248,0.76269
C5UPCZcL,3.533,-0.19308,2.2087,0.80135,-1.1548
C5gIfQbJ,-0.2605,-0.32824,-0.86905,1.4115,-1.0742
CDRuu4Pn,-0.45749,-0.50136,-0.28161,-0.77174,1.0171
CQhTYkqE,0.38817,0.28825,0.66906,0.32201,-1.1087
CSEobMXv,-0.16458,0.033668,-0.6071,0.92394,-0.75996
CYMQE4x0,0.10304,0.65242,1.2752,-0.25581,0.74246
ChQdtl4J,-0.46923,-0.24773,-0.059387,-0.59137,0.3717
ChnD1nrN,-0.3409,-0.26153,-0.56433,-0.6114,-0.38145
CvtbbIcq,0.99993,0.40076,1.6827,-0.09574,-0.33933
Cxk06b77,-0.27284,0.56817,0.66278,-0.10363,0.26078
D3QD3ZEJ,-0.1254,-0.3667,-0.24078,0.44796,-0.032233
D8J5C6lA,0.51725,1.2886,1.0511,-0.092553,-0.94972
DCeQwYfT,-0.12256,-0.10025,0.171,0.16311,-0.61786
DDEftkx3,-0.51775,-0.14057,-0.82713,-0.63313,1.1732
DEwCfeDW,-0.53772,0.56538,-0.056669,0.085521,0.90801
DMkIV4oL,-0.50543,-0.27937,-0.70784,-0.77049,0.76275
DnzGfbxS,-0.17064,-0.062704,0.06898,-0.043809,-0.73527
DoZxo6f6,-0.45732,-0.088485,-0.077783,-0.69229,0.73552
DvhBPGIk,-0.55099,-0.60796,-0.48363,-0.44075,-0.32925
Dx7GoUcT,-0.46276,-0.2689,-0.098544,-0.67857,1.0069
E5hIjohO,0.46197,-0.37592,0.35774,1.0238,-1.3745
E6x4XGHt,-0.65331,-0.15863,-0.69346,-0.67097,1.3455
EDEpAzh1,-0.52536,-0.1208,-0.40197,-0.42119,-0.58307
ETGudkQt,-0.32417,0.44408,0.29053,-0.60018,0.4585
EUleKrLJ,2.1637,0.032328,1.9146,0.75507,-0.8644
Ehw2Jz6s,-0.42613,0.25432,-0.7023,-0.53564,0.083881
EjqzC4zH,-0.6452,-0.23011,0.2489,-0.79434,0.59515
EkMZO3Qj,-0.4538,0.91309,0.1717,-0.54885,0.65446
EnoNXWvU,-0.032071,0.27224,0.98976,-1.1849,0.10036
Epv8ANwr,-0.3332,-0.61993,-0.37951,0.45646,-0.22433
Etro9j0B,-0.1017,1.9308,0.40262,-0.15074,-0.0075031
F3MIZj76,-0.088828,-0.20306,-1.0482,-0.0077572,-1.0243
FB8tU00K,-0.50635,-0.41344,-1.0696,0.53338,-0.32057
FLhxBGMK,0.074112,0.15671,0.35337,-0.037464,-0.70901
FRreR8ka,-0.4457,-0.29141,-0.38458,-0.27196,0.27777
FXne4oAV,0.34193,1.1427,1.0887,-0.51172,-0.78464
FaW764jk,-0.36063,0.81761,0.74004,-0.29614,0.59711
FeAbMXly,-0.62562,-0.4369,-0.95423,-0.67639,0.77906
FeudaFXn,1.7012,-0.36087,2.0576,-0.36399,-1.0614
FldUmFeM,1.6165,-0.3326,1.9958,-0.96329,0.036255
Fnv5tfAm,-0.70388,0.0032714,-0.66108,-0.11604,-0.46881
FvrAd3Or,-0.17392,-0.13588,0.83694,-0.93394,0.6804
G48zHffi,0.11896,0.49519,1.3454,-0.82975,0.72337
G76zCv5N,-0.53948,-0.43827,-0.46856,-0.47816,-0.26414
G7JGUdNf,0.10007,-0.31808,0.29337,0.0089602,-1.0723
GCo6MONx,1.0876,-0.16647,1.1179,0.51824,-1.0198
GE0vbpVQ,-0.36073,-0.06811,0.1429,-0.71585,0.92185
GN0DfOqt,-0.2979,-0.68311,-0.20588,-0.77825,0.32511
GNsTAb1v,-0.52023,0.26404,-0.43937,-0.34228,-0.75329
GPwmO21z,-0.44153,-0.63546,-0.47533,0.020084,-0.42349
GQYpfLoh,0.72972,0.32945,0.18651,0.43685,-1.1861
GR9knT8n,-0.25342,-0.50498,-1.2653,0.92197,-0.73718
GXtFFbZy,0.30351,0.47546,0.56145,-0.064204,-0.12316
GYvzvvFD,-0.53752,0.36973,-1.2076,-0.16862,0.45257
GemPjTJ9,-0.32495,-0.29401,-1.0969,0.45006,-0.63953
GkLYRm1K,1.7964,0.10368,1.8789,-0.30081,-1.2877
GmlqP8eI,-0.43536,-0.46783,-1.0758,-0.68212,-0.76756
GqkIrOvf,-0.30371,-0.24868,-0.97932,1.2593,-0.79856
H0fsegPi,-0.55095,-0.14517,-0.35823,-0.5419,0.49714
H4dHpJjU,2.2461,0.04047,1.7067,0.82143,-1.0226
H5QwJCuU,2.0447,2.0705,2.0784,0.77453,-0.72404
H5uwmSZ0,-0.42602,-0.17679,-0.63367,-0.80222,0.60349
H8MtbVoL,-0.14833,0.02912,-0.12614,-0.32104,-0.56101
H9JrUYnp,-0.37143,-0.19031,-0.24306,-0.12455,0.31937
HHYmmHVk,-0.49506,-0.33772,-0.48711,-0.78881,1.3346
HJ5U4uqL,-0.56144,-0.27715,-1.5051,-0.54269,-0.35814
HNQxYc4w,-0.20441,-0.44577,-0.29559,-0.52452,-0.0369
HQYhKHZ8,-0.45082,-0.13104,-0.84591,-0.51364,-0.3362
HSCMx0MC,-0.40587,0.046233,-0.18318,-0.67347,1.1025
HXYuE0fx,2.5137,-0.33279,1.9337,0.32085,-1.162
HdKcxEWr,0.1224,0.84214,0.73801,0.51493,-0.20641
HecW1iCC,-0.59194,-0.24222,-0.42217,-0.63592,-0.69528
HpbKB8rv,-0.2725,-0.35562,-0.85516,0.72116,-1.1599
HrkoYjCg,0.030723,1.0289,-0.21347,1.2217,-0.78277
I5P2uquT,-0.24562,-0.014417,0.019631,-0.41553,0.45486
I94qkDM7,-0.48626,0.33453,-1.1182,-0.31096,0.45382
I9sQbtt8,-0.18624,-0.0672,-0.94124,1.8268,-1.0661
IFxgw6ZX,-0.61632,-0.38234,-0.25941,-0.643,-0.2843
IPPPSyoU,-0.48252,-0.49152,-1.1684,-0.0022887,-0.83543
IQOYQubU,1.9624,-0.26457,1.662,0.21024,-0.94416
IYNE2SxU,-0.62718,0.10139,-0.41667,-0.055064,-0.62579
IZRFk9kN,-0.31711,-0.16918,0.22435,-0.41538,-0.10486
Iaq3v0t3,1.2458,-0.072404,2.3021,-0.85084,0.22695
IbVwu1t6,-0.42287,-0.48304,-1.1379,-0.16157,-0.68686
IcHKTLyo,0.15954,-0.027242,0.007881,0.07734,-1.0885
IpW80wVB,-0.1497,-0.50892,-0.43193,-0.035711,-0.42851
Itb0PYUV,1.9569,0.034124,1.6033,1.0398,-1.0945
J8fpSwS0,-0.39202,0.0012254,0.4069,-1.0605,1.2355
JE1SlbD0,0.69232,1.3123,0.52407,2.2871,-1.1614
JEB4McNb,1.0367,-0.12792,1.4645,-0.24611,-1.0823
JEE4QVeQ,-0.08745,0.033249,-0.013232,-0.30567,-0.83904
JJSEU2VQ,-0.55633,-0.18266,-0.68876,-0.55397,0.87849
JSsVriP2,0.068847,-0.32298,1.0852,-0.80396,0.14104
JUvQNiOK,-0.027575,0.41735,0.55211,-0.38146,0.42648
JZbrRtm2,0.16428,0.15619,1.4333,-0.9598,-0.2612
JcE9G92B,-0.018708,0.096997,-0.011154,1.1113,-0.60329
JnNYpXHr,0.47832,2.2379,0.13929,2.0404,-0.79298
JzpbnOtz,-0.60136,0.41565,-0.020119,-0.74336,1.0982
JzzUhPQp,1.8149,1.023,1.9179,-0.12386,-1.418
K05R8dQK,-0.37029,-0.26458,-0.75026,0.60251,-0.59256
K17pG2mG,-0.18788,-0.16129,0.45032,-0.88959,1.0043
K8BellUe,-0.037019,-0.77375,0.31292,-0.26278,-1.2872
KJ2eH6rr,-0.015856,0.2914,0.16426,-0.23336,-0.42227
KJEJ6Glk,0.57313,0.76018,0.45142,1.5906,-1.2072
KSbO0oXS,0.3098,1.5269,0.079636,2.1255,-1.1964
KXtvmd01,-0.42472,-0.42156,-0.29714,-0.59056,0.29209
KYiJqBuJ,0.0012365,-0.22831,0.70725,-0.5422,-0.69858
KmbAyTcE,-0.25619,-0.029611,-0.022815,-0.50554,-0.22676
KnNyl3rV,-0.086487,-0.11709,1.262,-0.44616,0.87038
Kp2DG8TZ,-0.75087,0.32746,0.73556,-0.80525,0.94677
KqQtKWs5,-0.43015,-0.33407,-0.98411,-0.41077,-0.13209
Ku27g63R,2.525,0.33743,2.0708,0.35087,-0.67963
L2aTVqDq,-0.3546,-0.46591,-1.2466,0.85124,-0.83491
L5jvq6G4,-0.42779,-0.25732,-0.76135,-0.52538,0.29553
L91hYVQl,-0.3706,-0.29622,-0.82314,-0.82897,-0.096227
LINAMlbA,-0.41135,0.093656,-0.97841,0.028347,0.42975
LJoUNXSx,-0.34185,0.042392,-1.2747,0.074786,-0.54365
LLtSiyWD,-0.53763,-0.37999,-0.55179,-0.57884,-0.0063405
LQJtV8kn,-0.050906,0.12054,0.46856,-0.19346,-0.93866
LW9uddw7,-0.24979,-0.58843,-0.5904,0.94051,-1.2847
LZ6sdBTR,0.95097,0.45292,1.054,0.26453,-0.82247
La2Vhnne,0.43517,0.11828,0.42518,1.5588,-0.5966
LaUWSq9B,0.0091401,-0.072382,0.28333,0.0047626,-0.76086
Lk4SfkPQ,-0.58981,-0.44583,-0.78099,-0.21308,-0.64234
LllC836d,-0.054257,0.054056,-0.63476,0.67329,-0.2193
LuGiGeWN,-0.36347,0.19409,-0.95523,-0.23617,0.66965
LzcyHcWa,-0.45437,-0.15027,-0.52168,-0.58319,0.84001
M7veP0H4,-0.42711,0.46077,-0.13907,-0.23419,0.923
MB8aaJUc,-0.0027486,0.48709,-1.1775,1.1928,-0.22391
MDpe2zuy,-0.58109,-0.1275,-0.41131,-0.46652,-0.61018
MEzdmEIU,-0.40535,-0.33537,-0.26773,-0.51206,0.045847
MVnhtivm,-0.39226,-0.60535,-0.67054,-0.18496,-0.54336
MYU7WDis,-0.64551,-0.094293,0.70228,-0.83612,0.7574
MZFqh6yw,1.8041,0.46826,2.1852,-0.27795,-0.026685
Mdgy4SsO,0.82408,0.87301,0.15627,1.5573,-1.3343
Mj8awnzy,-0.37332,-0.15766,0.26254,-0.70718,1.3674
MpFPbUJy,1.9698,0.53162,1.547,0.75993,-1.1614
Mqk7MFBM,-0.40216,0.58965,0.52228,-0.61735,0.705
Mqs2t1Eo,-0.59478,-0.093824,-0.45302,-0.20195,-0.37378
Mv3jFVxp,-0.29497,-0.30308,-0.056935,-0.2268,0.26243
MxODTXvA,0.12821,0.17631,0.36592,0.17627,-0.83811
N46PbpPM,-0.39392,-0.1819,0.10614,-0.68618,1.5697
N5S5F9Gk,-0.39347,0.58076,-1.1523,-0.17534,0.75481
NLDg5fqw,0.33263,-0.31853,0.29759,-0.25241,0.19363
NOho2ZiM,2.5958,-0.34685,1.932,0.54709,-1.2304
NUuY7PFU,2.0488,0.32595,1.4631,1.3119,-1.3121
NV1e8AEO,-0.39913,0.024068,-0.18392,-0.48568,1.201
NZLXROKC,0.070585,0.21924,0.28291,0.5629,-0.91275
NaJo7C6o,0.27198,0.2976,1.2246,0.15466,0.047306
NgsyGkrO,0.20412,-0.15865,0.73493,0.52994,-1.1879
NjOx4Zpo,-0.41472,-0.3047,-1.1566,1.4421,-1.086
NmQoI7x0,1.611,0.66976,1.8442,-0.72289,-0.20723
No4wkdLS,-0.30295,0.019436,-0.63028,-0.53932,-0.18997
NouMwhOf,-0.36167,-0.45364,0.35869,-0.41931,-0.49832
O6YAWd8C,-0.041365,-0.2332,-0.098103,-0.18594,-0.97693
OAXVphSh,1.5033,-0.53649,1.6217,-0.27201,-0.031187
OJBBhb6Q,-0.4659,-0.47322,-0.47506,-0.71114,1.3566
OSIQXImL,0.48203,-0.2965,0.63377,0.1161,-1.2656
OUUFc5Zz,-0.43281,-0.25574,-0.11001,-0.82487,0.77039
OVk1lquT,0.29215,1.582,0.20808,1.6561,-0.044924
OXdRxjzz,-0.21148,-0.51494,-0.82501,0.28377,-0.86388
OXxW2ekf,-0.51904,-0.53162,-0.16767,-0.87432,0.042803
OXz5OpqR,-0.33512,0.90499,1.0802,-0.47537,0.44897
OcBFW1AX,-0.23109,0.50775,-1.1019,0.18907,0.62822
Of9V2rpt,-0.094902,0.12377,0.25238,0.0010517,-0.48377
OfLxPhbG,-0.27491,0.10746,-0.064798,-0.25113,0.95466
Ojx2vi48,-0.30205,-0.24331,-0.68871,-0.5225,0.20327
P3M32iuT,-0.46894,-0.38152,-0.91104,-0.79677,0.016178
P7olVzrO,-0.15875,0.011622,-0.24086,-0.29866,0.31515
PAPHErnv,-0.37416,0.07348,-1.1371,-0.14824,-0.50375
PBjEtfXb,-0.45192,0.11352,-0.35647,-0.46635,0.4538
PZGpoBBj,1.6747,-0.087265,2.0028,-0.33046,-1.079
Pc2RrxXS,-0.34668,-0.56723,-0.18618,-0.56383,-0.086214
PcHQ4FOu,-0.46309,0.29503,-0.45707,-0.23664,-0.12885
PeNyTOVN,-0.34076,0.15125,-0.098587,-0.20677,0.31429
PhUPSU53,-0.52315,-0.25573,-0.46065,-0.31174,-0.23054
PmUNeV2O,-0.32104,-0.23875,-0.81809,-0.55159,-0.30879
PoDJ0uvK,1.4392,0.6241,1.7895,0.2208,-0.41071
PsUJdJdg,-0.326,-0.18032,-0.18023,0.84414,-0.39836
Q3xLFx1f,-0.38728,-0.1824,-0.89128,-0.11136,-0.36766
QBGxCvdM,-0.087329,-0.26486,0.13899,-0.17166,-0.97233
QCEPyu6L,-0.48907,-0.43803,-1.0745,0.17272,-0.62304
QEfwec4s,3.4043,0.028456,1.9953,1.7707,-0.81293
QZ87Nnr3,-0.43534,-0.11728,-0.21843,-0.55113,0.79655
QlyGN9jv,-0.57356,-0.18926,-0.57399,-0.42526,0.17643
QqgWE1ny,-0.48631,0.23328,-0.33068,0.088879,-0.67975
QrjjBpZd,-0.30235,-0.20402,-0.80813,1.3747,-0.80122
QsaBiX7V,-0.51877,0.12939,-0.11763,-0.080614,-0.15755
QtBKJuZk,-0.38469,-0.077993,-0.065241,-0.53838,0.7791
QtPRO8OJ,-0.59822,0.045349,-0.97879,-0.4806,0.62197
R8XcsFnp,-0.31453,0.14915,-0.098038,-0.49146,1.5772
RROfRt9z,-0.37834,-0.3875,0.12567,-0.074841,-0.75242
RTcbiDGq,-0.46556,-0.28569,-0.44163,-0.4593,-0.040217
RVidM9g0,-0.059655,0.37877,1.471,-0.88962,1.0116
RZnQSH19,-0.49354,-0.2643,-0.42461,-0.55645,0.71458
Rc4UK7fT,-0.63998,-0.11494,-1.0826,-0.25537,0.52172
RcKBKh6B,-0.37923,0.033248,-0.52771,-0.44382,0.44638
ReM5kDa5,-0.094524,0.0087574,0.063202,0.044024,-0.84049
RfntsotG,-0.46526,-0.32029,-0.46767,-0.74008,0.34485
RiXMlzXD,-0.31769,-0.24376,-0.029916,-0.60498,-0.47327
Rik83O3m,-0.46937,0.18576,-0.4219,-0.35409,-0.30116
S3PCzDzO,-0.36784,-0.013992,0.66253,-0.70974,0.16282
S77BviOJ,-0.48133,0.30928,-0.50219,-0.25262,-0.035613
SDdvtktF,-0.34541,-0.34018,-0.67509,-0.071756,-0.64041
SHs1AyfM,-0.30499,0.29714,-0.25369,-0.44558,1.2175
SO4zQy9k,-0.4423,-0.26158,-0.32645,-0.67366,0.58612
SOOBCoiG,-0.36965,-0.5049,0.045876,-0.63735,0.88409
SXkkPB7A,-0.35728,0.13516,0.41956,-0.5417,1.1989
Sa93dGqq,-0.3924,0.40965,-0.90337,0.36349,0.55518
SonIG72a,-0.51439,0.0051898,-0.46539,-0.22669,0.33474
Suf6hIBc,-0.30844,-0.059783,0.1963,-0.5371,0.72041
Sx2JeSRz,0.15164,0.22887,0.58805,0.4449,-0.45047
T1Tlftr4,-0.25106,0.074651,0.74584,-0.89845,1.3211
T7ulR4ci,-0.44673,-0.34295,-0.053427,-0.90225,1.0311
TA1NB3Br,-0.35711,0.097786,0.11872,-0.48124,0.62823
TFZUskaK,0.012541,-0.031177,0.23176,-0.23322,-0.60808
TNL8HGWZ,-0.075767,-0.14767,-0.06617,-0.17234,-0.98091
TZ8z1GSF,-0.47081,0.018352,-0.69009,-0.51254,0.26929
TqhRvkJJ,1.0756,-0.51657,1.4136,-0.61687,-0.41388
TtJCUiY4,-0.4826,-0.1308,0.12232,-0.90643,1.3929
TwDq0lua,0.069865,0.28552,0.55621,0.28023,-0.63894
Tzyf02sI,-0.16714,0.23291,0.2368,-0.46739,0.98068
U3yI6ZS5,3.3481,-0.044417,2.0029,1.539,-1.1048
UBLnXZAN,-0.11143,0.0056227,-0.99393,2.5426,-0.67386
UBWDzleg,-0.33462,-0.80952,-1.3408,0.84866,-0.99713
UBqkX6SY,1.5254,0.18301,1.7866,-0.086254,-1.0409
UCIAi1Aj,-0.24451,-0.16934,-0.68048,0.038428,-0.80861
UPbXGvCS,0.058231,-0.35477,0.17092,-0.034629,-1.1365
UeWm1l9F,-0.1918,-0.49014,-0.99595,0.98978,-0.65426
UhucscY7,-0.37192,-0.18124,-0.63951,-0.44531,-0.56606
Uri1SvHV,-0.047288,-0.22372,0.040853,-0.077426,-1.1473
UzxipGJS,-0.53645,-0.28075,-0.45425,-0.59125,0.44633
V74zfaAQ,-0.20558,-0.12618,-0.26266,0.031532,-1.0529
VBPxBLTh,2.1114,0.10656,1.6574,0.70351,-1.1739
VLG7CXYS,-0.31344,0.078702,0.18333,-0.21535,0.54911
VNk52SpF,-0.38311,-0.44529,-1.1172,1.3295,-1.225
VOREKsok,-0.54949,0.11685,-0.60442,-0.71363,1.5998
VRhTr5pX,-0.33528,-0.69819,-0.41871,-0.80532,-0.17283
VTcG4Kcw,-0.33785,0.39496,0.6892,-0.70055,1.0706
VeKiWSbS,-0.36185,0.072045,-0.048302,-0.47799,0.54586
VnU8nJHU,-0.48215,-0.091966,-0.10141,-0.40944,-0.10703
VueNCxYv,-0.41966,-0.26612,-0.30819,-0.27393,0.46479
VxuQTRUl,-0.5568,-0.11994,-0.22594,-0.3806,-0.31067
W5lgaocA,1.3004,0.49044,2.477,-0.53773,0.15488
W5mMq9Ef,-0.3767,-0.30601,-0.69923,0.44816,0.098587
WDhNqFpS,0.031828,-0.081097,-0.27795,1.2591,-1.4138
WE6n1kZi,-0.51074,-0.54281,-1.3214,0.28724,-0.76803
WFk6r3vA,-0.55384,0.2643,-0.42011,-0.3469,-0.063888
WFyIrsUR,-0.41401,-0.99341,-0.62823,0.6994,-0.81729
WG6ZAsqR,-0.54992,-0.10659,-0.85417,-0.79071,1.1835
WMq3CZQk,-0.46608,-0.43332,-1.2647,0.75594,-1.2334
WRskmGjh,-0.57996,-0.12849,-0.36803,-0.54184,-0.56092
WXijSglj,-0.3984,-0.5131,-1.0489,-0.47009,-0.64926
Wc0stQgu,-0.39092,-0.52547,-1.0074,0.34458,-1.135
WewoSCUB,-0.34686,-0.41919,-1.1107,-0.59261,0.027869
WuHuhHWJ,-0.1852,-0.2453,0.1463,-0.64457,0.82547
Wv7EBtZb,1.1582,1.0142,1.5584,-0.016761,-1.1524
WyPlxDn0,-0.45875,-0.11871,-0.30044,-0.61252,0.85795
X3WqoSNN,2.1604,-0.20896,1.6826,0.7166,-1.3852
XDhyP9KB,-0.68796,-0.26696,-0.65856,-0.19944,-0.54034
XQxhDRMG,-0.44641,0.090206,-0.90545,-0.16358,0.5496
XjLNAwxW,-0.060964,-0.36177,-0.23411,0.24019,-1.2882
XjfVQbXd,0.4017,1.0663,1.8867,-0.43889,-0.63931
Xovczbf6,-0.51817,-0.033524,-0.78334,-0.73919,1.6139
Y8H4onBf,-0.49673,-0.42765,-0.66878,-0.46258,-0.15854
Y8YgzSZ9,1.4498,1.4553,1.7526,0.7098,-0.51449
YC4PNV20,-0.44584,-0.24666,-0.15827,-0.55791,0.99346
YDHSCRdd,3.7306,-0.06019,1.9481,2.0601,-0.70048
YIJ87aME,-0.43901,-0.085885,-0.15476,-0.40762,0.080306
YKvT4dFv,-0.48258,-0.49264,-0.41893,-0.11457,0.13344
YNebALR2,-0.44046,0.25999,-1.0508,-0.30392,0.47004
YNrnqFyb,-0.15488,0.084508,0.056522,-0.21038,0.02684
YUZ4lR3m,-0.4052,0.20256,-0.20499,-0.34348,0.37423
YYLvjoVC,-0.089076,0.55422,0.35059,-0.16922,-0.13407
Yb8OtMb2,0.17054,-0.17231,0.40194,0.20156,-1.027
Ycg4lTYw,-0.015252,-0.3067,-0.70174,0.34452,-0.98451
Yfk6tekH,0.22998,0.64946,1.1959,-0.6013,-0.75338
YoSfgmR6,-0.54556,0.44448,-0.54327,-0.021591,-0.027187
YpzFvexy,-0.2853,-0.4822,-0.85789,-0.0006872,-0.25976
Yxqppfa3,-0.29061,-0.0012685,0.18113,0.083349,-0.58608
Z16jTUvP,-0.51627,-0.24635,-0.30302,-0.00042748,-0.015782
Z2BdCCbJ,-0.35457,-0.0056487,-0.095077,-0.44397,0.91924
Z2JJMM6V,-0.22304,-0.11593,0.021893,-0.076732,0.29879
Z5jE1OB5,-0.37701,-0.076297,0.04356,-0.2812,0.38154
ZFsIqYxA,-0.23512,0.32823,-0.34643,-0.0039026,-0.085591
ZHDVsoRh,-0.48285,-0.41017,-0.73915,-0.29887,-0.33782
ZSmfu2Fc,-0.67546,-0.78468,-0.93498,-0.34187,-0.01498
ZU8YXF3H,-0.52924,0.074505,-0.66418,-0.8128,1.5839
ZXKaNy6Z,-0.46731,-0.20312,-1.0409,-0.56383,0.83055
ZbYLo0zK,-0.27293,-0.055468,0.0091655,-0.7209,0.18341
ZedN8Gcn,-0.54655,-0.10106,-0.21072,-0.59957,-0.044173
ZgD4Dau6,-0.23229,-0.49554,0.44953,-0.7121,-0.41803
Zgzf79LA,-0.45359,-0.48356,-1.0059,-0.599,-0.21917
ZjqzxDOF,0.3343,0.65128,1.7239,-0.64849,-0.16083
ZsZ5aDpq,0.055945,0.78247,0.22938,0.789,-0.81507
ZtyqE7If,-0.52122,-0.36626,-0.31923,-0.40165,-0.81355
ZvUgz01f,-0.46136,0.044213,0.53562,-1.0695,1.107
ZwrhgdQV,0.65548,0.1486,1.0505,1.3553,-0.73482
a7bhJGBU,2.0211,-0.27006,1.5924,0.73711,-1.1288
aHpv6KzP,3.4198,-0.21731,2.2543,1.1563,-1.1963
aINzEBVN,-0.20195,-0.37632,-0.49725,-0.35112,-1.003
aP9EtTGF,2.5887,-0.55482,2.2613,-0.19142,-1.0467
aV6EhtSL,-0.45608,0.024944,-0.15509,-0.49912,-0.36535
aVZsXKoH,1.7835,-0.24724,2.0874,-0.41811,-0.97625
aYVnVJvc,0.078587,0.21845,0.24291,0.48653,-0.99781
abCzN1zx,-0.46189,-0.46487,-1.3157,0.53199,-0.90215
ae7sMiB4,-0.28612,0.17175,0.12375,-0.34577,-0.32936
afsVuCGV,-0.63625,-0.19097,-0.60133,0.29808,0.17978
aiwBQETI,-0.0038753,-0.13968,0.14646,-0.054615,-1.0048
aiyli4EI,1.8222,2.4255,1.7325,1.7397,-0.5642
apJ7NmzD,2.1721,0.041733,2.2581,-0.03691,-0.85225
atVjNMtQ,-0.24497,-0.47373,-0.84416,1.2179,-1.416
b5GirVGV,-0.49315,-0.82101,-0.13765,-0.75506,0.2655
b9SpMjNB,-0.16821,0.12355,0.28982,-0.22212,0.91236
bAFs37yy,-0.4485,-0.3699,-0.24441,-0.81747,0.82442
bDia1hHV,-0.62053,-0.44651,-0.17693,-0.15295,-0.74482
bFkv5Mtr,-0.15898,0.47896,0.16274,0.37722,-0.14901
bHe2IXgA,-0.32287,-0.5366,-1.1007,1.5479,-1.3037
bWX3vUm5,-0.079138,0.087551,0.087353,0.14937,-0.93402
bat8tcGs,-0.099869,-0.90057,-0.10536,-0.029297,-1.0179
bfjej4wu,-0.49191,-0.26555,-0.90916,0.22598,-1.1002
bh04YDiP,-0.41191,-0.66909,-0.46235,0.13768,-0.39409
c110Fdc8,-0.30997,-0.26914,-0.28573,-0.551,0.16071
c32GUzMa,-0.30053,0.5128,-0.97683,0.092292,0.4874
cT6uU0B0,-0.36934,-0.4471,-0.64066,-0.36626,0.7137
cWXCiFwh,-0.54277,0.45498,-0.41481,-0.25273,-0.43403
ceNvS3yd,-0.35167,-0.44496,-1.1045,-0.080707,-0.033431
cmwdt4Av,1.6037,-0.031736,1.5819,0.23147,-1.096
cn4EHsup,-0.20411,-0.38717,-1.0574,0.046531,-0.28944
crVOGGTT,-0.32524,-0.34008,-0.083854,-0.79486,0.80345
csPEJ1E5,-0.48437,-0.13453,-0.29498,-0.53572,-0.37656
d0UrRtMk,-0.45722,-0.054677,-0.69125,-0.70344,1.481
d6LU4G4I,-0.35289,-0.023355,-0.67156,0.49577,-0.29679
d74T1DVv,-0.43248,-0.51273,-1.1163,1.6212,-0.90532
dR6rM1tQ,-0.12681,-0.66639,0.27178,-0.13614,-1.1312
dUNxOoqg,-0.31643,-0.19781,-1.1799,0.67906,-0.73263
dUnlyhj7,0.36156,-0.13772,1.132,-0.75846,-0.0021602
dVDlnZQ6,-0.20519,-0.14168,-0.79005,0.48106,-1.3383
dVT26GDu,-0.35278,-0.43881,-0.2468,-0.71968,0.48489
de43ycXY,0.21224,0.48382,1.2282,-0.99562,-0.29097
dfIn7m9z,-0.56871,-0.55565,-0.91691,-0.27364,-0.45574
dhmb9ZY9,3.2282,0.019534,2.0099,0.91486,-1.1458
dn8kCuyf,-0.37464,-0.2059,-0.52368,-0.55418,0.66572
dpcquvWW,-0.4846,-0.45923,-0.41358,-0.54034,0.032354
dqcbIMyr,-0.56914,0.1089,-1.2812,-0.22395,-0.037486
drWgsBf5,-0.40168,0.18397,-0.57047,0.31014,-0.73993
dytx0HSe,-0.57262,-0.13457,-1.0104,-0.76542,1.1872
e4KkkIha,1.3418,1.2385,2.1367,-0.45062,-0.87931
e9YorH4m,-0.15744,0.20094,0.17142,-0.88403,0.69499
eB9gVQ0R,-0.1215,-0.0054415,-0.022344,-0.72588,0.67817
eMhLFqU6,-0.33389,0.15951,-1.2645,0.092373,0.23283
eMllg1qm,0.29539,1.2043,0.96257,-0.095272,-0.65878
eNPunZ9i,-0.26323,0.13208,-1.0781,0.45552,0.19328
eS5BSM4J,-0.47018,-0.20104,-0.35809,-0.68867,1.3076
eVGMFoOI,-0.20292,0.12401,0.28791,-0.88585,0.76061
eaIwb3rG,-0.3731,0.58893,0.21003,-0.25411,1.1678
eyzw8Vis,-0.46329,0.035243,-0.20911,-0.57548,1.2435
f04Ke2bN,-0.29805,-0.21686,-0.55594,0.10724,0.14221
f4GA0te1,-0.41691,-0.366,-0.42338,-0.78064,0.04923
f7bd91h5,-0.44821,-0.36458,-0.18821,-0.81531,1.2187
fB7z9ndr,-0.36958,0.44349,0.48032,-0.63511,1.2193
fEe7AWFA,-0.41075,-0.62068,0.094671,-0.37642,-0.69336
fJJIbgY9,0.32169,0.78028,1.2495,-0.55008,-0.84547
fQBURMvg,-0.38471,0.034007,-0.19299,-0.48091,1.0145
fS0HpOub,-0.47191,-0.44138,-0.20498,-0.54032,0.35332
fTDXauuk,0.47078,-0.05021,1.1188,-0.72413,-0.81923
favPNA2N,-0.24002,0.58271,-0.55028,0.35049,0.54857
g3Fv0U4k,-0.19891,-0.13872,-0.86893,0.96613,-0.56292
g5PKo2E2,0.1891,-0.090683,0.8565,-0.054116,-0.50464
gbjnD5fe,-0.36848,-0.76705,-0.5808,-0.94539,0.15849
ge9zqXCv,-0.44053,-0.16501,-0.62958,0.40648,-0.67086
geeqJpSE,-0.41134,-0.20508,-0.052772,-0.82852,0.8121
gqy1J2RS,0.19558,-0.039322,0.58065,0.24171,-0.94115
grlUtS3H,-0.024471,-0.14406,-0.26654,0.62049,-0.5337
gx965KYj,-0.28292,-0.10445,-0.11804,0.14328,-0.36842
h3F08Vjm,-0.46071,-0.059955,0.030996,-0.57705,1.1633
h6FQG8Iy,-0.23729,0.35985,0.69388,-0.76356,1.151
h7ftM8b3,1.6345,0.34442,1.7597,-0.096005,-1.265
hLrCHXZv,0.022563,-0.18124,0.32777,0.026746,-0.96126
hQ6VBuFx,-0.1798,0.1425,-0.036338,-0.6254,0.69231
hYoR2y7w,-0.48755,0.36634,-0.34515,-0.14053,-0.78185
hf65yZkM,0.33185,0.36404,0.42644,1.2375,-0.98627
hjuwe1x4,-0.27704,-0.12915,0.33993,-0.4057,0.26367
hyINlsFR,-0.24551,0.54716,-0.19855,0.21507,0.95368
i0Qlm9Bv,-0.30191,-0.17404,0.11631,-0.64599,0.87611
i1VxfxMb,-0.39197,-0.34015,-0.10648,-0.68259,1.0657
i2l6jXNP,-0.43863,-0.40247,-1.0496,-0.29988,0.17033
i4FgPZv7,-0.38539,0.1806,0.20627,-0.69801,1.2314
i7XtIkSi,-0.69274,0.20506,-0.43019,-0.50272,-0.24414
i9z346Ut,-0.22815,-0.21343,-0.61086,0.98793,0.39449
iDOat4cZ,2.1512,0.53714,2.1001,-0.13083,-1.1023
iNv6RoSO,-0.10445,-0.16074,0.031655,-0.0064007,0.097515
iSL9NYzy,3.8497,-0.35695,2.0484,1.9303,-1.0346
iSqVc1r8,0.013653,0.93651,1.145,-0.77976,-0.2828
iYZMftt6,-0.67274,-0.44664,-0.27331,-0.60456,-0.71483
ieTPaa3c,-0.37173,0.0090601,-1.0597,-0.033749,-0.229
if7BmzU0,-0.38968,-0.27527,-0.13924,-0.79436,0.73807
ihNz5bmx,-0.19395,-0.09198,-0.51666,0.21274,-0.70678
ikJXKdIN,-0.36786,-0.33068,-0.71085,-0.91021,0.61064
iq2kxikN,-0.036943,-0.20605,-0.27693,-0.12577,-1.1234
iuZEDJK7,-0.47696,-0.23549,-0.5531,-0.74056,0.66419
iyF8gVT7,-0.4623,-0.0048081,0.070886,-0.66743,1.3978
j06qdQ0V,-0.39472,-0.27343,-0.13803,-0.30884,0.12312
j7hl8svO,-0.44865,-0.1047,-0.30661,-0.043444,-0.78442
j8hMoJUN,-0.29294,-0.092254,-0.5985,-0.54302,-0.15678
jNaFasbV,-0.48282,-0.8452,-1.3556,0.49581,-0.92489
jVVHeYHT,-0.72942,-0.090514,0.5066,-0.65928,1.1119
jXm4ySvK,-0.37534,0.00042203,-0.10173,-0.42495,0.70053
juO5ii5l,-0.49669,0.17483,0.58943,-0.66068,0.19944
k2hdEBsU,-0.49788,-0.41972,-0.22459,-0.77967,1.276
k3ynMfhN,0.070991,0.57701,1.1767,-0.39313,0.89581
k9C9yBtr,-0.0065163,-0.09157,0.29354,0.18913,-0.88358
kAKRvcRo,-0.32131,-0.07621,-0.61338,0.69213,-1.0811
kBi3R2oC,-0.43524,-0.33529,0.073275,-0.587,-0.32003
kDWmnsXe,-0.14935,-0.29565,0.4674,-0.46253,-0.019757
kSGBd2Vh,-0.35401,-0.37124,-0.035283,-0.7421,0.44741
kT0miHPT,-0.46581,-0.44729,-0.43244,-0.54244,0.098206
kaW0TfRn,-0.37527,-0.60449,-0.15601,-0.53035,0.13466
kmg3SowO,-0.221,-0.41838,-0.8812,0.42143,-0.49792
kpxKSlnF,2.2829,0.22116,2.0379,1.0764,-0.35254
ku2cn1MV,0.64675,1.3873,1.4994,-0.20342,-0.091068
l1su5HU9,-0.39875,-0.31795,-0.18037,-0.4817,0.3776
l8Tg2RvD,-0.57927,0.48429,0.74114,-0.60685,0.91036
lB6NsVOc,-0.31568,-0.51295,-0.10128,-0.77989,1.1281
lEcdVyKk,-0.50224,-0.0031791,-0.66574,-0.52324,1.1333
lH4TasGl,0.063915,-0.069147,0.83115,-0.89587,-0.50804
lO9aggHW,-0.066453,0.37385,0.3215,0.34728,-0.097914
lW3m9Vzu,-0.59644,-0.41243,-0.50696,-0.33691,-0.27342
lYLseGDP,0.21112,-0.4749,0.19017,-0.42885,0.21432
lcOnCdZi,-0.3512,0.44529,0.81275,-0.83561,-0.2973
le9YGwON,-0.21033,-0.25349,0.070013,-0.22502,-0.21377
llMvu3TX,1.9694,-0.61826,2.8798,-0.78337,-0.26118
lnHh2jFO,0.042045,0.14499,1.4656,-1.0896,-0.022475
m07CVXd4,-0.40496,0.23191,0.67604,-0.9741,1.1997
m1lPk91z,-0.30309,-0.41778,0.3836,-0.76125,1.2537
m9IQdmwa,-0.47271,-0.41187,-0.23936,-0.66174,0.51703
mG9BRy5x,-0.48766,0.073333,-0.29194,-0.23429,0.15833
mVHXnama,-0.25821,-0.5078,-0.62371,-0.29552,-0.85269
mXyrR6nU,-0.47452,0.10915,-0.59855,-0.37243,0.93354
mbzNdxNc,-0.4379,-0.32712,-0.50884,0.20473,-0.50411
mntH7g3L,-0.018629,0.56604,1.1985,-0.95041,-0.079387
msRTXP3H,-0.40392,-0.43756,0.20332,-0.22035,0.57716
mxBjvIPR,-0.28091,-0.21232,-0.25929,-0.69473,0.39095
n8Opmfbz,1.2385,0.36288,1.7368,-0.37992,-0.36041
nOkgU29Q,-0.14864,-0.44331,-1.0045,0.66593,-0.9789
nhttf7VM,0.036878,1.0719,1.0502,-0.11188,0.27235
njLbXYa3,-0.34859,-0.40867,-0.26814,-0.57807,-0.41875
nwkIpzmh,0.44941,0.41785,1.227,-0.33058,-0.41963
nzB1R9Zg,0.14073,0.007354,1.1254,-0.94487,0.16041
o1rZRI84,-0.53573,0.020298,-0.59401,-0.61773,-0.27848
o7q5Mbty,-0.40809,-0.43985,-0.067896,-0.43458,-0.86697
oCBvysqB,-0.64851,0.28739,-0.42481,-0.37827,-0.34188
oDmycTPH,-0.31585,-0.49995,-0.39369,-0.86482,1.0574
oFAXZvQv,-0.59969,0.21398,-0.43328,-0.31663,-0.17921
oHE3M1zX,-0.083558,-0.097557,-0.36287,1.1213,-0.21108
oMhVmSpV,-0.73159,-0.10004,-0.68917,-0.6071,-0.4782
oNsDqVbi,0.11333,0.61553,1.3074,-0.65559,-0.48775
oYAJqQk8,-0.34967,-0.53468,-0.48432,-1.0638,0.26915
ob5Kb6dW,-0.54207,-0.044078,-0.8673,-0.55453,1.0927
obnzqs79,-0.32066,-0.46164,-1.0349,-0.42876,-0.47435
oncLcgRP,-0.45732,-0.5669,-0.9117,-0.14292,-0.34863
ooWVYaAe,-0.17013,0.055201,-0.83231,1.2162,-1.3744
osdyOUnV,-0.23249,0.35459,-1.2962,0.42482,0.1272
p7H9CzCv,-0.28189,-0.48948,-1.1936,0.82922,-0.58455
p7U9hVhY,-0.43403,-0.097273,-0.49534,-0.58467,0.75956
pE6Cf1RV,-0.31764,0.36005,0.41974,-0.82765,1.0901
pI7qzotI,0.019937,0.4637,0.076642,0.18369,-0.57568
pJrIA4sk,-0.38187,-0.63197,-0.23622,-0.55582,0.04317
pXne2CLZ,-0.36549,-0.58821,-0.41678,0.93257,-0.95453
pZMcDIOS,-0.43273,-0.49764,-0.38171,-0.66955,0.56967
pavfp3cc,0.22104,-0.28151,0.86238,0.096406,-0.84974
pbQdC5L3,-0.58667,-0.41561,-0.65639,-0.62752,0.18534
pgj7aAFP,-0.28127,-0.40571,-0.026724,-0.25317,0.31215
pxg8G3ed,-0.27557,0.39536,-0.069474,-0.32347,1.178
q36Npk6l,-0.47839,-0.30185,-0.53879,-0.74803,0.90233
q4aDOVvq,0.46603,1.1878,0.9748,0.33495,-0.91115
qGmfR9CN,-0.25882,-0.54988,-1.0397,1.177,-0.6622
qJ51ODpA,-0.31684,-0.37161,-1.0312,0.46264,-0.4008
qQX3cs3I,-0.30872,0.56081,0.8039,-0.74104,0.29761
qXeIxPb8,-0.474,-0.11969,-0.32366,-0.4955,0.80855
qYQ4MShM,0.064319,0.35462,0.13576,0.35275,-0.8772
qa0etnhK,0.088051,-0.051839,0.2909,0.11164,-0.5776
qbL4sboq,-0.66779,0.21167,-0.39931,-0.65832,1.0257
qbYrsWHq,0.8652,1.4069,2.1005,-0.10743,-0.29387
r1zmcUqQ,0.4937,0.29657,0.97961,-0.93327,-0.85838
r54iHeQC,-0.30167,-0.21302,0.050075,-0.64224,0.65429
r6xrAnQV,3.2524,-0.065468,2.2317,0.06669,-0.21272
r9HxnQDg,-0.13951,-0.054869,0.7629,-0.17318,0.77918
rG8Puuf9,0.97732,-0.037458,1.1441,0.23839,-0.89537
rGuiefuR,-0.42775,-0.66948,-1.0728,0.12758,-1.0224
rJ19OhGP,-0.47052,0.095848,-0.52723,-0.4891,1.1434
rOCYepHd,0.14117,0.18773,0.86474,-0.42369,-0.34947
rQJaOPFI,0.012182,-0.23019,0.6832,-0.29615,-0.064413
rQhZtZeh,-0.22682,0.30613,0.86974,-0.80021,1.2495
rapmok0w,-0.21995,0.76689,-1.2884,0.86576,-0.092039
rgzfnPVu,-0.50843,0.36983,0.93627,-0.73546,0.35191
ri4qhb1S,-0.47358,-0.11202,-0.35054,-0.68239,0.55937
rqpFYzff,-0.64706,-0.11127,-0.29059,-0.69365,0.35112
rrs22coX,-0.34457,0.14067,0.23928,-0.36184,1.132
sEeUCQLc,-0.63882,-0.08947,-0.98892,-0.32831,0.64521
sHScwqQl,-0.35164,0.038095,0.38699,-0.86531,1.3998
sNC7DiAt,-0.49524,-0.27875,-0.19845,-0.63674,1.0243
sNK2TSs3,-0.37028,0.082876,0.35457,-0.39175,0.91356
sO7Su6uw,-0.20485,0.53487,-1.4818,0.07549,-0.052389
sOWZx89o,-0.52993,-0.45289,-1.193,-0.69731,1.186
sPbRcPjC,-0.13252,-0.095246,0.2038,0.16472,-0.79452
scVUfTKI,0.043269,0.3294,0.18394,1.5855,-0.79909
seRaGeVv,-0.71296,-0.057966,-0.19167,-0.46179,1.178
sgtwiYWi,-0.45237,-0.23626,-1.1866,-0.00056321,-0.28796
sjmLHcT6,-0.47898,-0.36426,-0.70995,-0.5304,0.048271
skZUZZGS,-0.37399,-0.22007,0.1044,-0.41709,0.39672
suAmzADX,-0.49922,-0.2966,-1.0123,1.5526,-1.0174
t4GWLqlO,0.37364,0.032077,0.87606,-0.3612,-0.22797
t7gy6Jyy,0.15959,0.066713,0.87619,-0.92341,0.42435
tBadzH60,2.186,-0.21615,2.3895,-0.28012,-0.66282
tXUWm0hp,-0.19516,-0.63919,-0.39135,0.65179,-0.56165
te6UPPxf,-0.60519,0.10886,-0.51899,-0.39281,-0.64716
ti2lamkL,0.24595,0.23173,0.6557,-0.19568,-0.36299
tr0lpwuU,-0.21119,-0.27575,-0.65255,1.8918,-1.2501
ttdB5C73,-0.43779,0.24924,-0.0674,-0.37621,0.86734
twS8YZu9,-0.2678,0.14522,-0.43535,-0.54141,0.028622
tx68W34H,-0.56568,-0.5571,-1.2771,1.0157,-0.86108
tyQSX4mY,-0.37599,-0.12924,0.37651,-0.70436,0.12196
tylKCRc0,-0.35616,-0.25591,-0.15935,-0.50796,0.262
u1544WUo,-0.40519,-0.065471,-0.70533,-0.60702,0.54674
uAw9an0d,0.20505,0.18536,0.38083,-0.098267,-0.31378
uLZAEXMG,2.4619,-0.21809,2.0059,0.22025,-1.1162
uMwe1s7I,-0.51569,-0.98102,-0.52908,0.53775,-0.61449
ufhGeV3q,-0.59454,-0.19838,-0.45808,-0.62989,0.45251
uhAeGBHo,-0.29716,-0.61543,-1.4496,0.61076,-0.67439
ujHNlqpw,1.1881,1.1111,1.2324,0.19253,-1.1076
ulV6kuhB,-0.37186,0.093406,0.0022811,-0.47514,0.58919
uohEnNEK,-0.3721,-0.066408,-0.77372,1.0181,-1.1328
v1lhA8I4,-0.36792,-0.31778,0.28825,-0.69801,1.4636
v3JzigLI,-0.3987,-0.38895,-0.85249,-0.60993,0.041593
v5IwjyIg,-0.44415,-0.17586,-0.75874,-0.274,-0.87585
v6lp5TK1,-0.24948,-0.046997,0.49257,-0.77451,1.3468
v8vOaaWq,-0.2438,-0.66206,-0.98631,0.19794,-0.037226
vAYKtoil,-0.54375,0.046213,-0.5074,-0.35884,-0.64846
vGTNQa6G,2.878,-0.060033,2.1959,1.2569,-0.45335
vQzNxHoL,-0.37105,0.23148,-0.38918,-0.54295,-0.74263
vfZGBUJm,-0.29835,-0.079812,0.22811,-0.1236,-0.37393
vlooVUoT,-0.12154,-0.17077,-0.50906,0.91124,-0.79091
vrACvd4O,-0.42363,-0.47389,-0.063954,-0.3014,-0.24128
w8hdjLwb,-0.48741,-0.017437,-0.047323,-0.6713,1.2351
wAntv4gH,0.043132,0.74173,1.7468,-0.75183,0.6072
wIUL09q0,-0.44962,-0.36489,-1.1194,-0.69559,0.032044
wOzx7Fgz,-0.30144,-0.41243,-0.05415,-0.69388,0.063976
wPhjhCJQ,-0.45396,-0.0032023,-0.63077,-0.51991,1.2278
wQSWWmYB,-0.3917,-0.10488,-0.4208,-0.44562,0.81328
wdIMrXwy,1.8455,-0.33516,2.6895,-0.57492,-0.43093
wiL9npQc,-0.52658,-0.21651,-0.64329,-0.76862,0.86936
wnU95Cxn,1.5791,0.77313,2.0223,-0.47377,-1.129
wpJbbjJs,0.11249,1.09,0.97177,-0.23935,-0.03273
wsOWTAbI,1.2154,-0.059456,1.2365,1.5838,-0.86193
wtdBcU3U,-0.33072,-0.12733,-0.45367,-0.80757,0.045488
wuKXVxOc,-0.55687,0.13202,-0.76596,-0.44474,0.60448
wyzadAt8,-0.43655,-0.48745,-0.6274,-0.6419,0.80822
wzaKzYwi,-0.0060163,-0.35251,0.58341,-0.88935,0.75754
x6GCk4EV,-0.37525,0.056952,-0.29707,-0.50269,0.53117
x6lUi3vf,0.041509,-0.46511,0.1265,0.46786,-1.1685
x8mwDHv9,-0.45453,-0.44137,-0.10946,-0.34277,-0.17159
xIYm6puH,0.73553,1.0892,0.21581,0.90022,-1.2658
xO6UdpsK,0.53805,1.0142,0.78408,-0.52912,-1.3279
xQ2bkOvj,-0.43594,-0.64029,-0.4424,0.37217,-0.85679
xeXyDCEQ,2.9647,-0.21153,1.8676,1.2534,-1.2954
xrggHziO,-0.33017,-0.21401,0.45626,-0.75755,0.10337
y1WMCmqQ,-0.35343,-0.42708,-0.5287,-0.4718,0.0016778
yDngezhM,-0.1557,-0.19653,-0.44707,-0.63383,-0.27698
yLiFjMD0,-0.33406,-0.3305,-0.14287,-0.88662,0.79873
ySwEBO7w,-0.55094,-0.14742,-0.5789,-0.22686,-0.86681
ydC9UsSm,-0.082696,-0.62753,-0.94947,0.65274,-0.17519
ydEG4VBd,-0.47767,0.071603,-0.85906,-0.40095,0.88583
yf76yWXc,-0.28186,0.91764,1.217,-0.64342,-0.28323
yg70e63n,-0.58364,-0.084216,-0.59178,-0.32873,-0.39003
ywxtlSKv,-0.55246,-0.47139,-0.70029,-0.56476,-0.069106
yzKPQPOR,-0.40604,-0.82438,-0.44674,-0.01641,-0.51332
z5cnOnZ1,-0.34713,-0.41504,-0.16407,-0.47799,-0.50088
zFLkOE0e,0.10903,0.08351,0.50667,0.50643,-0.95994
zGi72mxL,-0.64927,-0.36452,-0.39463,-0.34949,-0.65377
zN925UV3,-0.36186,-0.074666,-0.79051,0.77854,-0.94531
zTy2ih7e,-0.47877,0.35617,-0.9059,-0.43809,0.72031
zVFzAutw,-0.34287,-0.45959,-0.24411,-0.64904,0.51639
zYxNAkht,-0.41262,-0.40872,-0.80707,-0.60279,0.35043
zaWDBai3,-0.32414,0.4154,-0.217,-0.17269,1.4366
zg3u0Zsx,-0.41935,0.43225,-0.13409,-0.10413,-0.055764
zlwLfdsS,-0.43831,-0.64366,-0.68708,1.5568,-0.94136
zmbKzVfl,-0.3086,0.34198,-1.4536,0.23041,0.13584
